,count
,1
& Best Cartoonist (,1
(2001),1
(2002),1
(2003); Best All-Time Historical Romance (1998),1
(2003); Best Historical Single Title Romance (1994),1
1996,1
1997 awards) (1995),1
2012) (2010),1
7th & 8th Gra,1
AAAS/Subaru SB&F Prize,1
AATSEEL Book Prize Nominee (0),1
ACFW Carol Award,1
AKO / ECI Literatuurprijs Nominee (1993),1
AKO / ECI Literatuurprijs Nominee (2006),1
ALA Alex Award (1998),1
ALA Alex Award (1999),1
ALA Alex Award (2000),1
ALA Alex Award (2001),1
ALA Alex Award (2002),1
ALA Alex Award (2003),1
ALA Alex Award (2004),1
ALA Alex Award (2005),1
ALA Alex Award (2007),1
ALA Alex Award (2008),1
ALA Alex Award (2009),1
ALA Alex Award (2010),1
ALA Alex Award (2011),1
ALA Alex Award (2012),1
ALA Alex Award (2013),1
ALA Alex Award (2014),1
ALA Alex Award (2015),1
ALA Alex Award (2016),1
ALA Alex Award (2017),1
ALA Alex Award (2018),1
ALA Alex Award (2019),1
ALA Alex Award (2020),1
ALS Gold Medal (2009),1
ALTA National Translation Award,1
ALTA National Translation Award (2001),1
AML Award Nominee,1
ANVOY Award (1970),1
ASJA Outstanding Book Award (1980),1
ASPCA Henry Bergh Children's Book Award,1
Abridged (1997),1
Abridged (1999),1
Abridged (2003),1
Abridged (2005),1
Adamjee Literary Award,1
Adelai,1
Agatha Award,1
Agatha Award Nominee,1
Akateemisen kirjakaupan myydyin esikoisteos (2000),1
Akutagawa Prize 芥川龍之介賞 (1976),1
Akutagawa Prize 芥川龍之介賞 (2003),1
Akutagawa Prize 芥川龍之介賞 (2016),1
Alabama Author Award,1
Alabama Library Association Children's Book of the Year,1
Alan Paton Award (1995),1
Alex Award (2021),1
All About Romance (,1
Amazon.ca First Novel Award (1976),1
Amazon.ca First Novel Award (2002),1
Amazon.ca First Novel Award (2005),1
Ambassador Book Award,1
Amelia Elizabeth Walden Award (2009),1
Amelia Elizabeth Walden Award (2012),1
Amelia Elizabeth Walden Award (2013),1
Amelia Elizabeth Walden Award (2017),1
Amelia Elizabeth Walden Award (2020),1
Amelia Elizabeth Walden Award Nominee (2010),1
Amelia Elizabeth Walden Award Nominee (2012),1
Amelia Elizabeth Walden Award Nominee (2013),1
Amelia Elizabeth Walden Award Nominee (2014),1
Amelia Elizabeth Walden Award Nominee (2015),1
Amelia Elizabeth Walden Award Nominee (2016),1
Amelia Elizabeth Walden Award Nominee (2017),1
Amelia Elizabeth Walden Award Nominee (2018),1
American Book Award (1980),1
American Book Award (1985),1
American Book Award (1988),1
American Book Award (1989),1
American Book Award (1996),1
American Book Award (1998),1
American Book Award (1999),1
American Book Award (2001),1
American Book Award (2010),1
American Book Award (2013),1
American Book Award (2015),1
American Book Award (2017),1
American Booksellers Book Of The Year  Award,1
American Booksellers Book Of The Year  Award (1991),1
American Compass Best Book (2005),1
American-Scandinavian Foundation Translation Prize (2001),1
Américas Award (2004),1
Américas Award (2016),1
Analog Award Nominee,1
Andre Norton Award (2005),1
Andre Norton Award (2007),1
Andre Norton Award (2009),1
Andre Norton Award (2010),1
Andre Norton Award (2018),1
Andre Norton Award Nominee (2006),1
Andre Norton Award Nominee (2007),1
Andre Norton Award Nominee (2008),1
Andre Norton Award Nominee (2009),1
Andre Norton Award Nominee (2010),1
Andre Norton Award Nominee (2011),1
Andre Norton Award Nominee (2012),1
Andre Norton Award Nominee (2013),1
Andre Norton Award Nominee (2014),1
Andre Norton Award Nominee (2015),1
Andre Norton Award Nominee (2016),1
Andre Norton Award Nominee (2018),1
Andrew Carnegie Medal,1
Andrew Carnegie Medal Nominee,1
Andrićeva nagrada (1983),1
Angelus (2011),1
Angelus Nominee (2006),1
Angelus Nominee (2007),1
Anisfield-Wolf Book Award,1
Anisfield-Wolf Book Award (1962),1
Anisfield-Wolf Book Award (1973),1
Anisfield-Wolf Book Award (1978),1
Anisfield-Wolf Book Award (1997),1
Anisfield-Wolf Book Award (2004),1
Anisfield-Wolf Book Award (2006),1
Anisfield-Wolf Book Award (2008),1
Anisfield-Wolf Book Award (2010),1
Anthony Award,1
Anthony Award Nominee,1
Anticena Skřipeček (neliterární překlad) (1999),1
Anugerah Pembaca Indonesia,1
Anugerah Pena,1
Arab American Book Award,1
Aristeion Prize (1996),1
Aristeion Prize (1997),1
Arkansas Teen Book Award (2009),1
Arkansas Teen Book Award Nominee (2012),1
Arthur C. Clarke Award (1987),1
Arthur C. Clarke Award (1993),1
Arthur C. Clarke Award (1994),1
Arthur C. Clarke Award (2001),1
Arthur C. Clarke Award (2004),1
Arthur C. Clarke Award (2010),1
Arthur C. Clarke Award (2014),1
Arthur C. Clarke Award (2015),1
Arthur C. Clarke Award (2016),1
Arthur C. Clarke Award (2017),1
Arthur C. Clarke Award Nominee (1987),1
Arthur C. Clarke Award Nominee (1988),1
Arthur C. Clarke Award Nominee (1991),1
Arthur C. Clarke Award Nominee (1993),1
Arthur C. Clarke Award Nominee (1996),1
Arthur C. Clarke Award Nominee (2000),1
Arthur C. Clarke Award Nominee (2001),1
Arthur C. Clarke Award Nominee (2002),1
Arthur C. Clarke Award Nominee (2003),1
Arthur C. Clarke Award Nominee (2004),1
Arthur C. Clarke Award Nominee (2005),1
Arthur C. Clarke Award Nominee (2008),1
Arthur C. Clarke Award Nominee (2009),1
Arthur C. Clarke Award Nominee (2010),1
Arthur C. Clarke Award Nominee (2011),1
Arthur C. Clarke Award Nominee (2012),1
Arthur C. Clarke Award Nominee (2013),1
Arthur C. Clarke Award Nominee (2015),1
Arthur C. Clarke Award Nominee (2016),1
Arthur C. Clarke Award Nominee (2017),1
Arthur Ellis Award,1
Arthur Ross Book Award,1
Asahi Prize  (1949),1
Asian/Pacific American Award,1
Asimov's Readers' Poll Award,1
Askew's Children's Book Award,1
Aspen Gold Readers Choice Award,1
Aspen Gold Readers Choice Award Nominee,1
Aspen Words Literary Prize (2018),1
Aspen Words Literary Prize (2019),1
Aspen Words Literary Prize Nominee,1
Association of Jewish Libraries,1
Atlantic Independent Booksellers’ Choice Award (2007),1
Audie Award,1
Audie Award (2000),1
Audie Award (2008),1
Audie Award Finalist,1
Audie Award Nominee,1
August Derleth Award,1
Aurealis Award,1
Aurealis Award Nominee,1
Australian Book Industry Award (ABIA),1
Australian Book Industry Award (ABIA) Nominee,1
Australian Booksellers Association Book of the Year (2003),1
Australian Booksellers Association Book of the Year (2009),1
Australian Independent Booksellers Indie Book Award,1
Australian Independent Booksellers Indie Book Award Nominee,1
Australian Literature Society Gold Medal (2008),1
Australian Multicultural Children's BOTY Award (1993),1
Authors' Club Best First Novel Award (1955),1
Authors' Club Best First Novel Award (1988),1
Authors' Club Best First Novel Award (2012),1
Autobiography or Literary Study (2005),1
Axiom Business Book Award,1
BEA Buzz Book,1
BTBA Best Translated Book Award Nominee,1
Bad Sex in Fiction Award (2004),1
Bad Sex in Fiction Award (2009),1
Bad Sex in Fiction Award Nominee (2008),1
Bad Sex in Fiction Award Nominee (2010),1
Bad Sex in Fiction Award Nominee (2014),1
Balrog Award,1
Balrog Award Nominee,1
Banta Award (1987),1
Barbara Jefferis Award Nominee (2009),1
Barry Award,1
Barry Award Nominee,1
Batchelder Award (1984),1
Batchelder Award (2003),1
Batchelder Award Nominee (2006),1
Batchelder Award Nominee (2007),1
Batchelder Award Nominee (2011),1
Beacon of Freedom Award,1
Beehive Book Award,1
Beehive Book Award Nominee,1
Beehive Book Award Nominee (2012),1
Believer Book Award (2006),1
Benjamin Barondess Award (1985),1
Benjamin Barondess Award (2006),1
Best Anthology (2004),1
Best Artist (,1
Best Artist or Penciller (,1
Best Biographical,1
Best Book of Ideas Prize Nominee (2011),1
Best Book of Ideas Prize Nominee (2012),1
Best Cartoonist (,1
Best Children's Books of the Year (Bank Street College of Education) (1983),1
Best Children's Books of the Year (Bank Street College of Education) (1993),1
Best Children's Books of the Year (Bank Street College of Education) (1995),1
Best Children's Books of the Year (Bank Street College of Education) (2007),1
Best Coloring (,1
Best Colorist (,1
Best Continuing Series,1
Best Cover Artist (,1
Best Graphic Album-Reprint (in 1999 awards) (1998),1
Best Graphic Album–Reprint,1
Best Lettering (,1
Best Limited Series,1
Best New Series,1
Best New Series (2003),1
Best Novelette and Best Short Story (1967),1
Best Painter (,1
Best Penciller/Inker (,1
Best Single Issue or Story,1
Best Single Issue or Story (Saga #1),1
Best Writer (,1
Best Writer/Artist (,1
Betty Trask Award (1985),1
Betty Trask Award (1997),1
Betty Trask Award (1998),1
Betty Trask Award (1999),1
Betty Trask Award (2001),1
Betty Trask Award (2003),1
Betty Trask Award (2016),1
Betty Trask Prize (2014),1
Beverly Hills International Book Awards,1
Bill Duthie Booksellers’ Choice Award Nominee (2008),1
Bisexual Book Awards,1
Blogistanian Globalia (2011),1
Blogistanian Globalia (2013),1
Blogistanian Globalia (2014),1
Blogistanian Globalia (2015),1
Blogistanian Globalia (2018),1
Blogistanian Globalia (2019),1
Blue Hen Book Award,1
Blue Peter Book Award,1
Bluestem Book Award (2013),1
Bluestem Book Award (2015),1
Bluestem Book Award Nominee (2015),1
Bluestem Book Award Nominee (2016),1
Bluestem Book Award Nominee (2017),1
Bluestem Book Award Nominee (2018),1
Boardman Tasker Prize,1
Boekenleeuw (1989),1
Bokhandelens barne- og ungdomsbokstipend,1
Bokhandlerprisen (2001),1
Bokhandlerprisen (2002),1
Bokhandlerprisen (2003),1
Bokhandlerprisen (2007),1
Bokhandlerprisen Nominee (2008),1
Bokhandlerprisen Nominee (2009),1
Bokhandlerprisen Nominee (2011),1
Bokhandlerprisen Nominee (2013),1
Bollinger Everyman Wodehouse Prize,1
Bollinger Everyman Wodehouse Prize Nominee,1
Bolton Children's Book Award (2005),1
Bolton Children's Book Award (2007),1
Bolton Children's Book Award (2008),1
Bolton Children's Book Award (2009),1
Bony Blithe Award Nominee (2012),1
Book Excellence Award,1
Book Sense Book of the Year Award,1
Book Sense Book of the Year Award Nominee,1
Book of the Month Book of the Year Award (2016),1
Book of the Month Book of the Year Award (2017),1
Book of the Month Book of the Year Award Nominee (2016),1
Book of the Month Book of the Year Award Nominee (2017),1
BookNest Award,1
BookNest Award Nominee,1
Booker Prize (1978),1
Booker Prize (1985),1
Booker Prize (1987),1
Booker Prize (1988),1
Booker Prize (1991),1
Booker Prize (1992),1
Booker Prize (1993),1
Booker Prize (2001),1
Booker Prize (2002),1
Booker Prize (2003),1
Booker Prize (2004),1
Booker Prize (2005),1
Booker Prize (2006),1
Booker Prize (2008),1
Booker Prize (2009),1
Booker Prize (2011),1
Booker Prize (2012),1
Booker Prize (2013),1
Booker Prize (2014),1
Booker Prize (2015),1
Booker Prize (2017),1
Booker Prize (2019),1
Booker Prize Nominee,1
Booker Prize Nominee (1979),1
Booker Prize Nominee (1980),1
Booker Prize Nominee (1981),1
Booker Prize Nominee (1983),1
Booker Prize Nominee (1984),1
Booker Prize Nominee (1985),1
Booker Prize Nominee (1986),1
Booker Prize Nominee (1988),1
Booker Prize Nominee (1989),1
Booker Prize Nominee (1990),1
Booker Prize Nominee (1991),1
Booker Prize Nominee (1992),1
Booker Prize Nominee (1993),1
Booker Prize Nominee (1995),1
Booker Prize Nominee (1996),1
Booker Prize Nominee (2000),1
Booker Prize Nominee (2001),1
Booker Prize Nominee (2002),1
Booker Prize Nominee (2003),1
Booker Prize Nominee (2005),1
Booker Prize Nominee (2006),1
Booker Prize Nominee (2007),1
Booker Prize Nominee (2008),1
Booker Prize Nominee (2009),1
Booker Prize Nominee (2011),1
Booker Prize Nominee (2012),1
Booker Prize Nominee (2013),1
Booker Prize Nominee (2014),1
Booker Prize Nominee (2015),1
Booker Prize Nominee (2016),1
Booker Prize Nominee (2017),1
Booker Prize Nominee (2018),1
Booker Worthen Literary Prize (2007),1
Booker Worthen Literary Prize (2009),1
Books Are My Bag Readers' Awards,1
Books I Loved Best Yearly (BILBY) Awards,1
Booksellers' Best Award,1
Booktrust Teenage Prize Shortlist (2003),1
Bookworm Best Award,1
Bookworm Best Award Nominee (2014),1
Bord Gáis Energy Irish Book Award,1
Bord Gáis Energy Irish Book Award Nominee,1
Borders Original Voices Award,1
Boston Author's Club Young Reader Award (2005),1
Boston Globe-Horn Book Award,1
Boston Globe-Horn Book Award (1939),1
Boston Globe-Horn Book Award (1940),1
Boston Globe-Horn Book Award (1975),1
Boston Globe-Horn Book Award (1984),1
Boston Globe-Horn Book Award (2010),1
Boston Globe-Horn Book Award Nominee,1
Bottari Lattes Grinzane Nominee,1
Brageprisen,1
Bram Stoker Award,1
Bram Stoker Award Nominee,1
Branford Boase Award (2005),1
Branford Boase Award (2006),1
Branford Boase Award (2008),1
Branford Boase Award (2010),1
Bread and Roses Award (2012),1
Bremer Literaturpreis (2002),1
British Academy Medal (2014),1
British Book Award,1
British Book Award (2006),1
British Book Award (2008),1
British Book Award Nominee,1
British Columbia National Award,1
British Fantasy Award,1
British Fantasy Award Nominee,1
British Science Fiction Association Award,1
British Science Fiction Association Award Nominee,1
Bronzener Lufti (2006),1
Brooker Award,1
Brooklyn Public Library Literary Prize,1
Brooklyn Public Library Literary Prize Nominee,1
Buckeye Children's Book Award,1
Buckeye Children's Book Award Nominee,1
Buxtehuder Bulle (1975),1
Buxtehuder Bulle (1998),1
Buxtehuder Bulle (2003),1
Buxtehuder Bulle (2005),1
Buxtehuder Bulle (2006),1
Buxtehuder Bulle (2008),1
Buxtehuder Bulle (2009),1
Buxtehuder Bulle (2010),1
Buxtehuder Bulle (2012),1
Buxtehuder Bulle (2016),1
CBC Canada Reads (2002),1
CBC Canada Reads (2007),1
CBC Canada Reads (2009),1
CBC Canada Reads (2014),1
CBC Canada Reads (2017),1
CBC Canada Reads Nominee (2002),1
CBC Canada Reads Nominee (2003),1
CBC Canada Reads Nominee (2014),1
CBI Book of the Year Nominee (2014),1
CIPA EVVY Award,1
CLA Book of the Year,1
CMI Management Book of the Year Awards Nominee,1
CNA Literary Award (1980),1
CWA Best Ever Nominee,1
CWA Debut Dagger (2007),1
CWA Debut Dagger Nominee,1
CWA Ellis Peters Historical Award (2007),1
CWA Ellis Peters Historical Award Nominee,1
CWA Ellis Peters Historical Award Nominee (2004),1
CWA Gold Dagger Award,1
CWA Gold Dagger Award (2017),1
CWA Gold Dagger Award Nominee,1
CWA Ian Fleming Steel Dagger (2008),1
CWA Ian Fleming Steel Dagger (2016),1
CWA Ian Fleming Steel Dagger Nominee (2011),1
CWA International Dagger Nominee (2008),1
CWA International Dagger Nominee (2012),1
CWA New Blood Dagger (1990),1
CWA New Blood Dagger (2006),1
CWA New Blood Dagger (2011),1
CWA New Blood Dagger Nominee (2015),1
CWA Silver Dagger,1
CYBILS Award,1
CYBILS Award (2008),1
CYBILS Award Nominee,1
CYBILS Award Nominee (2010),1
Cabell First Novelist Award (2014),1
Caldecott Medal (1942),1
Caldecott Medal (1963),1
Caldecott Medal (1964),1
Caldecott Medal Nominee (1993),1
Caldecott Medal Nominee (2015),1
California Book Award,1
California Young Readers Medal,1
California Young Readers Medal Nominee,1
Canadian Authors Association Award,1
Canadian Booksellers Association Libris Award,1
Canadian Library Association Young Adult Book Award (2010),1
Canadian Library Association Young Adult Book Award Nominee (2012),1
Canadian Library Association Young Adult Book Award Nominee (2013),1
Canberra's Own Outstanding List (COOL) Awards,1
Canberra's Own Outstanding List (COOL) Awards Nominee,1
Carnegie Medal (1946),1
Carnegie Medal (1952),1
Carnegie Medal (1958),1
Carnegie Medal (1972),1
Carnegie Medal (1995),1
Carnegie Medal (1996),1
Carnegie Medal (1998),1
Carnegie Medal (2001),1
Carnegie Medal (2002),1
Carnegie Medal (2003),1
Carnegie Medal (2011),1
Carnegie Medal (2014),1
Carnegie Medal (2017),1
Carnegie Medal (2019),1
Carnegie Medal Nominee (2002),1
Carnegie Medal Nominee (2003),1
Carnegie Medal Nominee (2007),1
Carnegie Medal Nominee (2008),1
Carnegie Medal Nominee (2009),1
Carnegie Medal Nominee (2010),1
Carnegie Medal Nominee (2011),1
Carnegie Medal Nominee (2012),1
Carnegie Medal Nominee (2013),1
Carnegie Medal Nominee (2014),1
Carnegie Medal Nominee (2015),1
Carnegie Medal Nominee (2016),1
Carnegie Medal Nominee (2018),1
Carnegie Medal Nominee (2019),1
Carnegie Medal Nominee (2020),1
Carolyn W. Field Award,1
Casey Award (2003),1
Casey Award Nominee (1990),1
Casey Award Nominee (1992),1
Casey Award Nominee (2011),1
Catherine Cookson Fiction Prize,1
Cena Akademie SFFH,1
Cena Jaroslava Seiferta (1994),1
Chanticleer Book Reviews Cygnus Award,1
Charlie May Simon Children's Book Award (1975),1
Charlie May Simon Children's Book Award (1984),1
Charlie May Simon Children's Book Award (1988),1
Charlie May Simon Children's Book Award (1990),1
Charlie May Simon Children's Book Award (1994),1
Charlie May Simon Children's Book Award (1999),1
Charlie May Simon Children's Book Award (2006),1
Charlie May Simon Children's Book Award (2008),1
Charlie May Simon Children's Book Award (2009),1
Charlie May Simon Children's Book Award (2011),1
Charlie May Simon Children's Book Award (2017),1
Charlie May Simon Children's Book Award Nominee (1993),1
Charlie May Simon Children's Book Award Nominee (2004),1
Charlie May Simon Children's Book Award Nominee (2013),1
Charlie May Simon Children's Book Award Nominee (2015),1
Charlotte Award (1992),1
Charlotte Award (1998),1
Charlotte Award (2000),1
Charlotte Award (2006),1
Charlotte Award (2010),1
Charlotte Award (2012),1
Charlotte Award Nominee (2014),1
Chautauqua Prize Nominee (2012),1
Chautauqua Prize Nominee (2013),1
Cheltenham Prize,1
Chesley Award,1
Chesley Award Nominee,1
Chicago Publishers' Award (1970),1
Chicago Tribune Heartland Prize,1
Child Magazine Best Book of the Year,1
Children's Book Council of Australia Award,1
Children's Book Council of Australia Award Nominee,1
Children's Choice Book Award,1
Children's Choice Book Award (1994),1
Children's Choice Book Award Nominee,1
Children's Literature Council of Southern California Award,1
Chinese Library Association Best Book (2010),1
Christianity Today Book Award,1
Christy Award,1
Christy Award Nominee,1
City of Dionysia Award,1
CityRead London (2015),1
Clara Johnson Award,1
Claudia Lewis Award,1
Claudia Lewis Award (2002),1
Clive Staples Award,1
Clive Staples Award Nominee (2015),1
Col,1
Colin Roderick Award (1988),1
Colin Roderick Award (2000),1
Colorado Blue Spruce Young Adult Book Award (1985),1
Colorado Blue Spruce Young Adult Book Award (2001),1
Colorado Blue Spruce Young Adult Book Award (2004),1
Colorado Blue Spruce Young Adult Book Award (2006),1
Colorado Blue Spruce Young Adult Book Award (2009),1
Colorado Blue Spruce Young Adult Book Award (2010),1
Colorado Book Award,1
Colorado Gold Award,1
Colorado Romance Writers Award of Excellence Nominee,1
Columbia Journalism Award (1980),1
Commonwealth Writers' Prize,1
Commonwealth Writers' Prize Nominee,1
Compton Crook Award (1989),1
Compton Crook Award (2007),1
Compton Crook Award (2010),1
Compton Crook Award (2019),1
Compton Crook Award Nominee (1987),1
Compton Crook Award Nominee (1989),1
Compton Crook Award Nominee (1993),1
Compton Crook Award Nominee (1996),1
Compton Crook Award Nominee (2008),1
Compton Crook Award Nominee (2009),1
Compton Crook Award Nominee (2010),1
Compton Crook Award Nominee (2014),1
Compton Crook Award Nominee (2017),1
Compton Crook Award Nominee (2019),1
Compton Crook Award Nominee (2020),1
Concours du premier roman jeunesse organisé par Gallimard Jeunesse,1
Copper Cylinder Award,1
Coretta Scott King Book Award,1
Coretta Scott King Book Award Nominee,1
Corine Internationaler Buchpreis,1
Cornelius Ryan Award (1959),1
Cornelius Ryan Award (1960),1
Cornelius Ryan Award (1998),1
Cornelius Ryan Award (2009),1
Costa Book Award,1
Costa Book Award Nominee,1
Costa Book Award Nominee (2010),1
Costa Book of the Year (2006),1
Costa Book of the Year (2008),1
Costa Book of the Year (2012),1
Costa Book of the Year (2013),1
Crossword Book Award,1
Cuffie Award,1
Cuffie Award Nominee,1
Cundill History Prize Nominee (2008),1
Cundill History Prize Nominee (2012),1
Cupid and Psyche Awards (CAPA) from The Romance Studio,1
D. B. Hardeman Prize (2002),1
DABWAHA Romance Tournament,1
DABWAHA Romance Tournament Nominee,1
DSC Prize,1
DSC Prize Nominee,1
Dante Rossetti Award,1
David Gemmell Legend Award,1
David Gemmell Legend Award Nominee,1
David Gemmell Legend Award Nominee (2009),1
David Gemmell Morningstar Award,1
David Gemmell Morningstar Award (2015),1
David Gemmell Morningstar Award Nominee,1
David Gemmell Ravenheart Award,1
David Gemmell Ravenheart Award Nominee,1
David Higham Prize,1
David J. Langum Sr. Prize,1
David J. Langum Sr. Prize Nominee,1
Davitt Award,1
Dayton Literary Peace Prize,1
Dayton Literary Peace Prize Nominee,1
De Inktaap (2005),1
De Inktaap (2008),1
Desert Rose Golden Quill Award,1
Desmond Elliott Prize Nominee,1
Desmond Elliott Prize Nominee (2008),1
Deutscher Buchpreis (German Book Prize) Nominee,1
Deutscher Bücherpreis,1
Deutscher Jugendliteraturpreis,1
Deutscher Jugendliteraturpreis Nominee,1
Deutscher Jugendliteraturpreis Nominee (0),1
Deutscher Jugendliteraturpreis Nominee (1956),1
Deutscher Krimi Preis,1
Deutscher Science Fiction Preis,1
Diamond Willow Award (2009),1
Diamond Willow Award (2013),1
Diamond Willow Award Nominee (2015),1
Dilys Award (1996),1
Dilys Award (1997),1
Dilys Award (1998),1
Dilys Award (1999),1
Dilys Award (2003),1
Dilys Award (2004),1
Dilys Award (2005),1
Dilys Award (2007),1
Dilys Award (2010),1
Dilys Award Nominee (1993),1
Dilys Award Nominee (1995),1
Dilys Award Nominee (1998),1
Dilys Award Nominee (2001),1
Dilys Award Nominee (2003),1
Dilys Award Nominee (2004),1
Dilys Award Nominee (2005),1
Dilys Award Nominee (2006),1
Dilys Award Nominee (2009),1
Dilys Award Nominee (2010),1
Dilys Award Nominee (2011),1
Dilys Award Nominee (2014),1
Dioraphte Jongerenliteratuurprijs,1
Dioraphte Jongerenliteratuurprijs Nominee,1
Dioraphte Jongerenliteratuurprijs Nominee (2014),1
Ditmar Award,1
Ditmar Award Nominee,1
Dolly Gray Children's Literature Award (2006),1
Dolly Gray Children's Literature Award (2010),1
Dolly Gray Children's Literature Award (2012),1
Dolly Gray Children's Literature Award (2014),1
Dorothy Canfield Fisher Children's Book Award (1978),1
Dorothy Canfield Fisher Children's Book Award (1981),1
Dorothy Canfield Fisher Children's Book Award (1983),1
Dorothy Canfield Fisher Children's Book Award (1992),1
Dorothy Canfield Fisher Children's Book Award (1993),1
Dorothy Canfield Fisher Children's Book Award (2001),1
Dorothy Canfield Fisher Children's Book Award (2003),1
Dorothy Canfield Fisher Children's Book Award (2005),1
Dorothy Canfield Fisher Children's Book Award (2006),1
Dorothy Canfield Fisher Children's Book Award (2007),1
Dorothy Canfield Fisher Children's Book Award (2008),1
Dorothy Canfield Fisher Children's Book Award (2009),1
Dorothy Canfield Fisher Children's Book Award (2010),1
Dorothy Canfield Fisher Children's Book Award (2011),1
Dorothy Canfield Fisher Children's Book Award (2012),1
Dorothy Canfield Fisher Children's Book Award (2013),1
Dorothy Canfield Fisher Children's Book Award (2015),1
Dorothy Canfield Fisher Children's Book Award (2019),1
Dorothy Canfield Fisher Children's Book Award Nominee (1957),1
Dorothy Canfield Fisher Children's Book Award Nominee (1959),1
Dorothy Canfield Fisher Children's Book Award Nominee (1961),1
Dorothy Canfield Fisher Children's Book Award Nominee (1964),1
Dorothy Canfield Fisher Children's Book Award Nominee (1966),1
Dorothy Canfield Fisher Children's Book Award Nominee (1968),1
Dorothy Canfield Fisher Children's Book Award Nominee (1969),1
Dorothy Canfield Fisher Children's Book Award Nominee (1971),1
Dorothy Canfield Fisher Children's Book Award Nominee (1972),1
Dorothy Canfield Fisher Children's Book Award Nominee (1973),1
Dorothy Canfield Fisher Children's Book Award Nominee (1974),1
Dorothy Canfield Fisher Children's Book Award Nominee (1976),1
Dorothy Canfield Fisher Children's Book Award Nominee (1978),1
Dorothy Canfield Fisher Children's Book Award Nominee (1979),1
Dorothy Canfield Fisher Children's Book Award Nominee (1982),1
Dorothy Canfield Fisher Children's Book Award Nominee (1983),1
Dorothy Canfield Fisher Children's Book Award Nominee (1984),1
Dorothy Canfield Fisher Children's Book Award Nominee (1985),1
Dorothy Canfield Fisher Children's Book Award Nominee (1986),1
Dorothy Canfield Fisher Children's Book Award Nominee (1987),1
Dorothy Canfield Fisher Children's Book Award Nominee (1992),1
Dorothy Canfield Fisher Children's Book Award Nominee (1995),1
Dorothy Canfield Fisher Children's Book Award Nominee (1996),1
Dorothy Canfield Fisher Children's Book Award Nominee (1997),1
Dorothy Canfield Fisher Children's Book Award Nominee (1998),1
Dorothy Canfield Fisher Children's Book Award Nominee (1999),1
Dorothy Canfield Fisher Children's Book Award Nominee (2000),1
Dorothy Canfield Fisher Children's Book Award Nominee (2002),1
Dorothy Canfield Fisher Children's Book Award Nominee (2003),1
Dorothy Canfield Fisher Children's Book Award Nominee (2004),1
Dorothy Canfield Fisher Children's Book Award Nominee (2005),1
Dorothy Canfield Fisher Children's Book Award Nominee (2006),1
Dorothy Canfield Fisher Children's Book Award Nominee (2007),1
Dorothy Canfield Fisher Children's Book Award Nominee (2008),1
Dorothy Canfield Fisher Children's Book Award Nominee (2009),1
Dorothy Canfield Fisher Children's Book Award Nominee (2010),1
Dorothy Canfield Fisher Children's Book Award Nominee (2011),1
Dorothy Canfield Fisher Children's Book Award Nominee (2012),1
Dorothy Canfield Fisher Children's Book Award Nominee (2013),1
Dorothy Canfield Fisher Children's Book Award Nominee (2014),1
Dorothy Canfield Fisher Children's Book Award Nominee (2015),1
Dorothy Canfield Fisher Children's Book Award Nominee (2016),1
Dorothy Canfield Fisher Children's Book Award Nominee (2017),1
Dorothy Canfield Fisher Children's Book Award Nominee (2018),1
Dragon Award,1
Dragon Award Nominee,1
Drunken Druid Award,1
Drying Ink's Best Epic Fantasy (2011),1
Duff Cooper Prize (1999),1
Dylan Thomas Prize Nominee,1
Dylan Thomas Prize Nominee (2014),1
ECPA Christian Book Award,1
ECPA Christian Book Award (1999),1
EPIC (Eppie) Award,1
Edgar Award,1
Edgar Award Nominee,1
Edgar Award Nominee (2008),1
Edinburgh International Book Festival First Book Award (2011),1
Edward Lewis Wallant Award (2010),1
Ein Buch für die Stadt (2005),1
Ein Buch für die Stadt (2006),1
Eliot Rosewater Indiana High School Book Award (1996),1
Eliot Rosewater Indiana High School Book Award (1997),1
Eliot Rosewater Indiana High School Book Award (2001),1
Eliot Rosewater Indiana High School Book Award (2003),1
Eliot Rosewater Indiana High School Book Award (2005),1
Eliot Rosewater Indiana High School Book Award (2014),1
Eliot Rosewater Indiana High School Book Award (2015),1
Eliot Rosewater Indiana High School Book Award Nominee (2012),1
Elsa Beskow-plaketten (1958),1
Emperor Norton Award (2008),1
Ena Noel Award (2008),1
Endeavour Award (2000),1
Endeavour Award (2002),1
Endeavour Award Nominee (1999),1
Endeavour Award Nominee (2000),1
Endeavour Award Nominee (2009),1
Endeavour Award Nominee (2010),1
Endeavour Award Nominee (2011),1
Endeavour Award Nominee (2012),1
Endeavour Award Nominee (2013),1
Eric Hoffer Book Award,1
Eric Hoffer First Horizon Award (2017),1
Ethel Wilson Fiction Prize (2003),1
Ethel Wilson Fiction Prize Nominee (2005),1
Ethel Wilson Fiction Prize Nominee (2009),1
Eurocon,1
European Book Prize,1
Europese Literatuurprijs (2012),1
Europese Literatuurprijs Nominee (2011),1
Europese Literatuurprijs Nominee (2012),1
Europese Literatuurprijs Nominee (2013),1
Europese Literatuurprijs Nominee (2014),1
Europese Literatuurprijs Nominee (2015),1
Europese Literatuurprijs Nominee (2016),1
Europese Literatuurprijs Nominee (2017),1
Europese Literatuurprijs Nominee (2018),1
Europese Literatuurprijs Nominee (2019),1
Europese Literatuurprijs Nominee (2020),1
Europese Literatuurprijs Nominee (2021),1
Euskadi,1
Evans Biography Award (1991),1
Evening Standard Award,1
Evergreen Teen Book Award (1991),1
Evergreen Teen Book Award (1993),1
Evergreen Teen Book Award (1995),1
Evergreen Teen Book Award (1998),1
Evergreen Teen Book Award (2003),1
Evergreen Teen Book Award (2005),1
Evergreen Teen Book Award (2008),1
Evergreen Teen Book Award (2009),1
Evergreen Teen Book Award (2011),1
Evergreen Teen Book Award (2014),1
Evergreen Teen Book Award (2015),1
Evergreen Teen Book Award (2017),1
Evergreen Teen Book Award (2019),1
Evergreen Teen Book Award Nominee,1
Evergreen Teen Book Award Nominee (2018),1
Evergreen Teen Book Award Nominee (2019),1
Exclusive Books Boeke Prize (1996),1
Exclusive Books Boeke Prize (1997),1
Exclusive Books Boeke Prize (2000),1
Exclusive Books Boeke Prize (2003),1
Exclusive Books Boeke Prize (2004),1
Exclusive Books Boeke Prize (2005),1
Exclusive Books Boeke Prize (2006),1
Exclusive Books Boeke Prize (2007),1
Exclusive Books Boeke Prize (2008),1
Exclusive Books Boeke Prize (2009),1
Exclusive Books Boeke Prize (2011),1
Exclusive Books Boeke Prize Nominee (2007),1
Exclusive Books Boeke Prize Nominee (2011),1
Expressens Heffaklump (1970),1
FAB Award (2010),1
FAB Award (2011),1
FAB Award (2013),1
FAB Award Nominee (2014),1
FCBG Children’s Book Award (2002),1
Fabelprisen (2014),1
Fairlight Talking Book of the Year NSW,1
Falcon Award (2010),1
Fantasm Romance Award,1
Fantasy,1
Fantasy & Speculative Fiction (Ray Bradbury Prize) (2020),1
Favorite Books,1
Femina - Vie Heureuse Prize (1926),1
Femina - Vie Heureuse Prize (1934),1
Ferro-Grumley Award,1
Fiction (Hardcover) (1981) & (Paperback) (1982),1
Fiction (Hardcover) (1982),1
Ficção Científica ou Terror Publicada em Língua Portuguesa (2019),1
Ficção Científica ou Terror Publicado em Língua Portuguesa (2018),1
Ficção Científica ou Terror Publicado em Língua Portuguesa (2019),1
Financial Times and McKinsey Business Book of the Year (2005),1
Financial Times and McKinsey Business Book of the Year (2014),1
Financial Times and McKinsey Business Book of the Year (2018),1
Financial Times and McKinsey Business Book of the Year Nominee,1
Finlandia Prize (2000),1
Finlandia Prize (2008),1
Flicker Tale Children's Book Award,1
Flicker Tale Children's Book Award (1992),1
Flicker Tale Children's Book Award (1994),1
Flicker Tale Children's Book Award (2001),1
Flicker Tale Children's Book Award (2002),1
Flicker Tale Children's Book Award (2005),1
Flicker Tale Children's Book Award Nominee,1
Florida Book Award,1
Florida Teens Read Nominee (2009),1
Florida Teens Read Nominee (2010),1
Foreword INDIES Book of the Year Award,1
Foreword INDIES Book of the Year Award Nominee,1
Francis Parkman Prize (1975),1
Francis Parkman Prize (1993),1
Frank O'Connor International Short Story Award (2006),1
Frank O'Connor International Short Story Award (2007),1
Frank O'Connor International Short Story Award (2008),1
Frankfurt Book Fair LiBeraturpreis Nominee (2017),1
Franz-Werfel-Menschenrechtspreis (2009),1
Frederic G. Melcher Book Award (2004),1
French-American Foundation Translation Prize,1
French-American Foundation Translation Prize Nominee,1
Friedrich-Glauser-Preis Nominee,1
Friends of American Writers Book of the Year,1
Futuristic and Paranormal Special Interest Chapter of RWA,1
Galame Zarin (Gold Pen),1
Galaxy British Book Awards,1
Galaxy National Book Award,1
Gandalf Award (1979),1
Gandalf Award Nominee (1978),1
Gandalf Award Nominee (1979),1
Garden State Book Award,1
Garden State Book Award (2006),1
Garden State Book Award (2015),1
Gaylactic Spectrum Award,1
Gaylactic Spectrum Award Nominee,1
Gayle Wilson Award of Excellence,1
Geffen Award,1
Geffen Award Nominee,1
Geoffrey Bilson Award,1
Geoffrey Faber Memorial Prize (1981),1
George C. Stone Center,1
George Washington Book Prize (2005),1
Georgette Heyer Historical Novel Prize (1985),1
Georgia Book Award Nominee (2010),1
Georgia Children's Book Award Nominee (2012),1
Georgia Peach Book Award (2005),1
Georgia Peach Book Award (2007),1
Georgia Peach Book Award (2008),1
Georgia Peach Book Award (2009),1
Georgia Peach Book Award (2012),1
Georgia Peach Book Award (2013),1
Georgia Peach Book Award (2016),1
Georgia Peach Book Award Nominee,1
Georgia Peach Book Award Nominee (2009),1
Georgia Peach Book Award Nominee (2011),1
Georgia Peach Book Award Nominee (2013),1
Glass Key Award,1
Glass Key Award (1992),1
Glass Key Award (2006),1
Goethe Prize (1930),1
Goethe Prize (2005),1
Gold Kladutsey (Star Bridge) Award,1
Golden Archer Award,1
Golden Crown Literary Award,1
Golden Duck Award,1
Golden Duck Award Nominee,1
Golden Heart,1
Golden Man Booker Prize Nominee (2018),1
Golden Medallion,1
Golden Scroll Award,1
Golden Sower Award,1
Golden Sower Award Nominee (2013),1
Goldener Lufti (2004),1
Goldener Lufti (2006),1
Good Thing' (1983),1
Goodreads Author (2010),1
Goodreads Choice Award,1
Goodreads Choice Award Nominee,1
Goodreads Choice Award Nominee (2010),1
Goodreads Choice Award Nominee (2012),1
Gordon Burn Prize Nominee,1
Gouden Griffel,1
Gouden Griffel (1972),1
Gouden Griffel (1974),1
Gouden Lijst,1
Gouden Lijst Nominee,1
Gouden Penseel (1979),1
Gouden Uil,1
Governor General's Literary Awards / Prix littéraires du Gouverneur général,1
Governor General's Literary Awards / Prix littéraires du Gouverneur général Nominee,1
Governor General's Literary Awards / Prix littéraires du Gouverneur général Nominee (2007),1
Governor General's Literary Awards / Prix littéraires du Gouverneur général Nominee (2011),1
Grammy Award,1
Grammy Award Nominee,1
Gran,1
Grand Canyon Reader Award,1
Grand Canyon Reader Award (1977),1
Grand Canyon Reader Award (1987),1
Grand Canyon Reader Award (1989),1
Grand Canyon Reader Award (1991),1
Grand Prix,1
Grand Prix RTL-Lire (1998),1
Grand Prix RTL-Lire (2000),1
Grand Prix des lectrices,1
Grand Prix du Roman,1
Grand prix,1
Graoully d'Or,1
Great Lakes Colleges Association New Writers Award,1
Great Lakes Great Books Award,1
Great Lakes Great Books Award Nominee,1
Green Carnation Prize (2015),1
Green Earth Book Award (2015),1
Green Mountain Book Award (2007),1
Green Mountain Book Award (2013),1
Green Mountain Book Award (2014),1
Green Mountain Book Award Nominee (2015),1
Green Mountain Book Award Nominee (2016),1
Guardian Children's Fiction Prize (1973),1
Guardian Children's Fiction Prize (1978),1
Guardian Children's Fiction Prize (1982),1
Guardian Children's Fiction Prize (1996),1
Guardian Children's Fiction Prize (1997),1
Guardian Children's Fiction Prize (2004),1
Guardian Children's Fiction Prize (2010),1
Guardian Fiction Award (1983),1
Guardian Fiction Award (1984),1
Guardian Fiction Award (1997),1
Guardian First Book Award (1999),1
Guardian First Book Award (2000),1
Guardian First Book Award (2001),1
Guardian First Book Award (2011),1
Guardian First Book Award (2012),1
Guardian First Book Award Nominee,1
Guardian First Book Award Nominee (1999),1
Guardian First Book Award Nominee (2000),1
Guardian First Book Award Nominee (2001),1
Guardian First Book Award Nominee (2002),1
Guardian First Book Award Nominee (2003),1
Guardian First Book Award Nominee (2008),1
Guardian First Book Award Nominee (2012),1
Guardian First Book Award Nominee (2013),1
Guardian's Not the Booker Prize (2016),1
Guinness Peat Aviation Award (1990),1
Gumshoe Award,1
Gumshoe Award Nominee,1
Gustavus Myers Outstanding Book Award (2009),1
Gutenberg Award,1
Gyldendal Prize (1963),1
HOLT Medallion,1
HOMer Award Nominee,1
HWA Debut Crown (2013),1
HWA Debut Crown Nominee,1
Hackmatack Children's Choice Award,1
Hammett Prize (1992),1
Hammett Prize (2014),1
Hammett Prize Nominee (1995),1
Hammett Prize Nominee (1996),1
Hammett Prize Nominee (2000),1
Hammett Prize Nominee (2005),1
Hammett Prize Nominee (2007),1
Hammett Prize Nominee (2012),1
Hansjörg-Martin-Preis Nominee (2004),1
Hansjörg-Martin-Preis Nominee (2011),1
Harold Morton Landon Translation Award (1984),1
Harold Morton Landon Translation Award (2003),1
Harold Morton Landon Translation Award (2004),1
Harold U. Ribalow Prize,1
Harper Lee Prize,1
Harvey Awards,1
Harvey Awards Nominee,1
Hawthornden Prize (1934),1
Hawthornden Prize (1941),1
Hawthornden Prize (1999),1
Hea Lasteraamat (2009),1
Hea Lasteraamat (2010),1
Hea Lasteraamat (2011),1
Hea Lasteraamat (2012),1
Hea Lasteraamat (2017),1
Hea Lasteraamat (2019),1
Hea Noorteraamat (2017),1
Hea Noorteraamat (2018),1
Hea Noorteraamat (2019),1
Heart & Scroll Madcap Award,1
Helen Bernstein Book Award,1
Helen and Kurt Wolff Translator's Prize,1
Helen and Kurt Wolff Translator's Prize Nominee,1
Highland Children's Book Award,1
Hilary Weston Writers' Trust Prize,1
Historical or Journalistic Presentation & Best Writer (,1
Holden-Crowther Book Award Nominee (2016),1
Holyer an Gof Nominee,1
Honkaku Mystery Award,1
Hotze,1
Hubert Evans Non-Fiction Prize Nominee (2006),1
Hugo Award,1
Hugo Award Nominee,1
Hugo Award Nominee (1972),1
Hugo Award Nominee (1975),1
Hugo Award Nominee (1978),1
Hull Children's Book Award,1
Humo's Gouden Bladwijzer (2004),1
Humo's Gouden Bladwijzer (2007),1
Humo's Gouden Bladwijzer (2008),1
Humor  (2010),1
Hurston/Wright Legacy Award,1
Hurston/Wright Legacy Award Nominee,1
IAFA William L. Crawford Fantasy Award (1996),1
IAFA William L. Crawford Fantasy Award (1998),1
IAFA William L. Crawford Fantasy Award (2000),1
IAFA William L. Crawford Fantasy Award (2006),1
IAN Book of the Year Awards,1
IAN Book of the Year Awards Nominee,1
IBPA Benjamin Franklin Awards,1
IGN Award,1
IGNYTE Award,1
IGNYTE Award Nominee,1
INSPY,1
IRA Children’s and Young Adult’s Book Award,1
IRA Children’s and Young Adult’s Book Award (1982),1
IRA Children’s and Young Adult’s Book Award (1983),1
IRA Children’s and Young Adult’s Book Award (1988),1
IRA-CBC Teacher's Choice,1
ITW Thriller Award,1
ITW Thriller Award Nominee,1
Icelandic Literary Prize Nominee,1
Imadjinn Awards Finalist,1
Independent Foreign Fiction Prize (1991),1
Independent Foreign Fiction Prize (1993),1
Independent Foreign Fiction Prize (2002),1
Independent Foreign Fiction Prize (2006),1
Independent Foreign Fiction Prize Nominee,1
Independent Foreign Fiction Prize Nominee (2011),1
Independent Foreign Fiction Prize Nominee (2014),1
Independent Foreign Fiction Prize Nominee (2015),1
Independent Press Award,1
Independent Publisher Book Award (IPPY),1
Independent Publisher Book Award (IPPY) Nominee,1
Indian Paintbrush Book Award (1991),1
Indian Paintbrush Book Award (2000),1
Indian Paintbrush Book Award (2004),1
Indian Paintbrush Book Award (2005),1
Indiaplaza Golden Quill Book Award,1
Indies Choice Book Award,1
Indigo Teen Reads Award,1
Indo-American Society's Society Young Achiever's Award (2004),1
Intermediate Nutmeg Book Award (2013),1
Intermediate Nutmeg Book Award (2014),1
Intermediate Nutmeg Book Award (2015),1
International Book Awards Nominee,1
International Booker Prize (2016),1
International Booker Prize Nominee (2016),1
International Dublin Literary Award (1997),1
International Dublin Literary Award (2001),1
International Dublin Literary Award (2002),1
International Dublin Literary Award (2003),1
International Dublin Literary Award (2005),1
International Dublin Literary Award (2007),1
International Dublin Literary Award (2011),1
International Dublin Literary Award (2013),1
International Dublin Literary Award Nominee,1
International Dublin Literary Award Nominee (1996),1
International Dublin Literary Award Nominee (1997),1
International Dublin Literary Award Nominee (1998),1
International Dublin Literary Award Nominee (1999),1
International Dublin Literary Award Nominee (2000),1
International Dublin Literary Award Nominee (2001),1
International Dublin Literary Award Nominee (2002),1
International Dublin Literary Award Nominee (2003),1
International Dublin Literary Award Nominee (2004),1
International Dublin Literary Award Nominee (2005),1
International Dublin Literary Award Nominee (2007),1
International Dublin Literary Award Nominee (2008),1
International Dublin Literary Award Nominee (2009),1
International Dublin Literary Award Nominee (2010),1
International Dublin Literary Award Nominee (2011),1
International Dublin Literary Award Nominee (2012),1
International Dublin Literary Award Nominee (2013),1
International Dublin Literary Award Nominee (2014),1
International Dublin Literary Award Nominee (2015),1
International Dublin Literary Award Nominee (2016),1
International Dublin Literary Award Nominee (2017),1
International Dublin Literary Award Nominee (2018),1
International Dublin Literary Award Nominee (2019),1
International Dublin Literary Award Nominee (2020),1
International Dublin Literary Award Nominee (2021),1
International Fantasy Award,1
International Fantasy Award Nominee,1
International Horror Guild Award,1
International Latino Book Awards Nominee (2012),1
International Rubery Book Award Nominee (2020),1
International Success of the Year Award (2007),1
Internationaler Literaturpreis – Haus der Kulturen der Welt Nominee,1
Internationaler Literaturpreis – Haus der Kulturen der Welt Nominee (2012),1
Iowa Children's Choice Award (1982),1
Iowa Children's Choice Award (1991),1
Iowa Children's Choice Award (2008),1
Iowa Children's Choice Award (2012),1
Iowa Children's Choice Award Nominee (2011),1
Iowa Children's Choice Award Nominee (2012),1
Iowa Children's Choice Award Nominee (2013),1
Iowa High School Book Award (2005),1
Iowa High School Book Award (2006),1
Iowa High School Book Award (2008),1
Iowa High School Book Award Nominee (2011),1
Iowa Teen Award (1985),1
Iowa Teen Award (1993),1
Iowa Teen Award (2002),1
Iowa Teen Award (2005),1
Iowa Teen Award (2009),1
Iowa Teen Award Nominee (2011),1
Irish Times International Fiction Prize (1989),1
Irish Times International Fiction Prize (1999),1
Irish Times Irish Literature Prize,1
Izumi Kyoka Prize (2003),1
J. Anthony Lukas Book Prize (2005),1
J. Anthony Lukas Book Prize (2010),1
J. Anthony Lukas Book Prize Nominee (2011),1
J. Gordon Coogler Award,1
James Cook Book Award (2011),1
James Cook Book Award (2013),1
James Cook Book Award Nominee (2007),1
James Cook Book Award Nominee (2011),1
James Cook Book Award Nominee (2013),1
James Fenimore Cooper Prize (1995),1
James Fenimore Cooper Prize (2005),1
James Fenimore Cooper Prize (2009),1
James Fenimore Cooper Prize (2011),1
James Herbert Award Nominee (2015),1
James Russell Lowell Prize (2011),1
James Tait Black Memorial Prize,1
James Tait Black Memorial Prize Nominee,1
James Tiptree Jr. Award (2003),1
James Tiptree Jr. Award (2004),1
James Tiptree Jr. Award (2006),1
James Tiptree Jr. Award (2016),1
James Tiptree Jr. Award Nominee,1
James Tiptree Jr. Award Nominee (2000),1
James Tiptree Jr. Award Nominee (2004),1
James Tiptree Jr. Award Nominee (2008),1
James Tiptree Jr. Award Nominee (2010),1
James Tiptree Jr. Award Nominee (2013),1
James Tiptree Jr. Award Nominee (2016),1
James Tiptree Jr. Award Nominee (2017),1
Jan Michalski Prize Nominee,1
Jane Addams Children's Book Award,1
Jane Addams Children's Book Award (1964),1
Jane Addams Children's Book Award (1970),1
Jane Addams Children's Book Award Nominee,1
Jane Addams Children's Book Award Nominee (1973),1
Jane Addams Children's Book Award Nominee (1976),1
Janet Heidinger Kafka Prize (1976),1
Janusz A. Zajdel Award,1
Japan Adventure Fiction Association Prize 日本冒険小説協会大賞特別賞,1
Jarl Hellemann -palkinto (2016),1
Jewish Quarterly-Wingate Prize,1
Jewish Quarterly-Wingate Prize (2006),1
Jewish Quarterly-Wingate Prize Nominee,1
Jewish Quarterly-Wingate Prize Nominee (2007),1
John Burroughs Medal (1977),1
John Creasey Memorial Award (1990),1
John Gardner Book Award,1
John Gardner Book Award Nominee,1
John Llewellyn Rhys Prize (1987),1
John Llewellyn Rhys Prize (1999),1
John Llewellyn Rhys Prize Nominee (2000),1
John Llewellyn Rhys Prize Nominee (2004),1
John Llewellyn Rhys Prize Nominee (2008),1
John Llewellyn Rhys Prize Nominee (2009),1
John Sargent,1
John Steptoe New Talent Award,1
John W. Campbell Memorial Award,1
John W. Campbell Memorial Award (2009),1
John W. Campbell Memorial Award Nominee,1
John W. Campbell Memorial Award Nominee (1981),1
John W. Campbell Memorial Award Nominee (1993),1
John W. Campbell Memorial Award Nominee (2003),1
John W. Campbell Memorial Award Nominee (2006),1
John W. Campbell Memorial Award Nominee (2007),1
John W. Campbell Memorial Award Nominee (2010),1
John W. Campbell Memorial Award Nominee (2014),1
Josette Frank Award (2008),1
Josette Frank Award (2010),1
Josette Frank Award (2011),1
Josette Frank Award (2014),1
Judy Grahn Award,1
Judy Grahn Award Nominee (2013),1
Judy Lopez Memorial Award,1
Jugendbuchpreis 1977 des polnischen Verlegerverbandes (1977),1
Julia Ward Howe Prize (2006),1
Jupiter Award,1
Kaien magazine New Writer Prize (1987),1
Kalbacher Klapperschlange,1
Kalbacher Klapperschlange (2007),1
Kalevi Jäntin palkinto (2008),1
Karya Sastra Terbaik 2006 Pilihan Majalan Tempo (2006),1
Kathleen Mitchell Award,1
Katholischer Kinder- und Jugendbuchpreis (2011),1
Kentucky Bluegrass Award,1
Keystone to Reading Book Award (1995),1
Keystone to Reading Book Award Nominee,1
Kids Own Australian Literature Awards (KOALA),1
Kids Own Australian Literature Awards (KOALA) Nominee,1
Kinderboek van het jaar (1963),1
Kinderboekwinkelprijs (1999),1
Kindle Book Award,1
Kindle Book Award Nominee,1
Kingston Teen Book Award (2013),1
Kiriyama Prize,1
Kiriyama Prize Nominee,1
Kirkus Prize,1
Kirkus Prize Nominee,1
Kirkus Prize Nominee (2016),1
Kniha roku (1993),1
Kodansha Manga Award,1
Koret Jewish Book Award,1
Kulturdepartementets pris Nominee,1
Kurd-Laßwitz-Preis,1
Kurd-Laßwitz-Preis Nominee,1
Kusala Sastra Khatulistiwa,1
Kusala Sastra Khatulistiwa Nominee,1
Kusala Sastra Khatulistiwa Nominee (2001),1
Kuvastaja (2001),1
Kääntäjien valtionpalkinto (1969),1
Kääntäjien valtionpalkinto (1970),1
Kääntäjien valtionpalkinto (1992),1
Kääntäjien valtionpalkinto (2003),1
Kääntäjien valtionpalkinto (2006),1
La Nuit du Livre,1
Ladies of Horror Fiction Award,1
Ladies of Horror Fiction Award Nominee,1
Lambda Literary Award,1
Lambda Literary Award (2003),1
Lambda Literary Award Nominee,1
Lambda Literary Award Nominee (2002),1
Lancashire Children’s Book of the Year Award (2002),1
Land of Enchantment Book Award,1
Lauer Lufti (2005),1
Lauer Lufti (2010),1
Laura Ingalls Wilder Award (1970),1
Laurel Wreath Award,1
Laurel Wreath Award (2003),1
Laurence L. & Thomas Winship/PEN New England Award,1
Laurence Olivier Award,1
Le Blanc Award,1
Le Blanc Award Nominee,1
Le Prix Immaginaire (2005),1
Leeds Book Awards,1
Leeds Book Awards (2014),1
Left Coast Crime Award,1
Lefty Award,1
Lefty Award (1998),1
Lefty Award (1999),1
Lefty Award Nominee (2000),1
Lefty Award Nominee (2003),1
Lefty Award Nominee (2006),1
Leipzig Book Award,1
Lewis Carroll Shelf Award,1
Lewis Carroll Shelf Award (1958),1
Lewis Carroll Shelf Award (1960),1
Lewis Carroll Shelf Award (1963),1
Lewis Carroll Shelf Award (1965),1
Lewis Carroll Shelf Award (1967),1
Lewis Carroll Shelf Award (1968),1
Lewis Carroll Shelf Award (1970),1
Lewis Carroll Shelf Award (1972),1
Lewis Carroll Shelf Award (1973),1
Lewis Carroll Shelf Award (1979),1
Library of Virginia Literary Award Nominee,1
Libris Geschiedenis Prijs Nominee (2016),1
Libris Literatuurprijs (2004),1
Lillian Smith Book Award (1980),1
Lillian Smith Book Award (1981),1
Lillian Smith Book Award (1989),1
Lincoln Award (2006),1
Lincoln Award (2010),1
Lincoln Award (2013),1
Lincoln Award (2014),1
Lincoln Award (2020),1
Lincoln Award (2021),1
Lincoln Award Nominee (2005),1
Lincoln Award Nominee (2006),1
Lincoln Award Nominee (2007),1
Lincoln Award Nominee (2008),1
Lincoln Award Nominee (2009),1
Lincoln Award Nominee (2010),1
Lincoln Award Nominee (2011),1
Lincoln Award Nominee (2012),1
Lincoln Award Nominee (2013),1
Lincoln Award Nominee (2014),1
Lincoln Award Nominee (2015),1
Lincoln Award Nominee (2016),1
Lincoln Award Nominee (2017),1
Lincoln Award Nominee (2018),1
Lincoln Award Nominee (2019),1
Lincoln Award Nominee (2020),1
Lincoln Award Nominee (2021),1
Lincoln Prize (2006),1
Lionel Gelber Prize (1992),1
Lionel Gelber Prize (1999),1
Lionel Gelber Prize Nominee (2013),1
Lionel Trilling Book Award (2000),1
Listen-Up Award (2011),1
Literaturpreis der Jury der jungen Leser,1
Litsy Award,1
Locus Award,1
Locus Award Nominee,1
Locus Award Nominee (2002),1
Lodestar Award (2019),1
Lodestar Award Nominee (2018),1
Lodestar Award Nominee (2019),1
Lodestar Award Nominee (2020),1
Lodestar Award Nominee (2021),1
London Book Festival Nominee,1
Long Island Reads (2002),1
Long Island Reads (2004),1
Long Island Reads (2005),1
Long Island Reads (2007),1
Long Island Reads (2010),1
Long Island Reads (2012),1
Long Island Reads (2016),1
Long Island Reads (2017),1
Lord Ruthven Award,1
Los Angeles Times Book Prize,1
Los Angeles Times Book Prize Nominee,1
Los Mejores del Banco del Libro,1
Louisiana Teen Readers' Choice (2014),1
Louisiana Young Readers' Choice,1
LovelyBooks Leserpreis,1
LovelyBooks Leserpreis Nominee,1
Lovelybooks Leserpreis,1
Lovelybooks Leserpreis Nominee,1
Lucca Comics & Games,1
Luisterboek Award (2015),1
Luisterboek Award Nominee (2015),1
Macavity Award,1
Macavity Award Nominee,1
Maggie Award,1
Magnesia Litera,1
Magnesia Litera Nominee,1
Maine Literary Award Nominee,1
Maine Student Book Award (2001),1
Maine Student Book Award (2005),1
Maine Student Book Award (2015),1
Man Asian Literary Prize (2007),1
Man Asian Literary Prize (2011),1
Man Asian Literary Prize (2012),1
Man Asian Literary Prize Nominee (2011),1
Man Asian Literary Prize Nominee (2012),1
Manchester Book Award  (2008),1
Manchester Book Award  Nominee,1
Manitoba Young Readers' Choice Award (2000),1
Margaret A. Edwards Award (1988),1
Margaret A. Edwards Award (1991),1
Margaret A. Edwards Award (1992),1
Margaret A. Edwards Award (1995),1
Margaret A. Edwards Award (1996),1
Margaret A. Edwards Award (1998),1
Margaret A. Edwards Award (1999),1
Margaret A. Edwards Award (2000),1
Margaret A. Edwards Award (2002),1
Margaret A. Edwards Award (2003),1
Margaret A. Edwards Award (2004),1
Margaret A. Edwards Award (2008),1
Margaret A. Edwards Award (2009),1
Margaret A. Edwards Award (2011),1
Margaret A. Edwards Award (2012),1
Margaret A. Edwards Award (2013),1
Margaret A. Edwards Award (2014),1
Margaret A. Edwards Award (2015),1
Margaret A. Edwards Award (2016),1
Margaret A. Edwards Award (2017),1
Margaret A. Edwards Award (2019),1
Margaret A. Edwards Award (2020),1
Mark Lynton History Prize (1999),1
Mark Lynton History Prize (2011),1
Mark Twain Award  Nominee (2012),1
Marlowe,1
Martin Beck Award (1972),1
Martin Beck Award (1986),1
Martin Beck Award (1988),1
Martin Beck Award (1995),1
Martin Beck Award (1999),1
Mary Higgins Clark Award Nominee (2001),1
Mary Higgins Clark Award Nominee (2012),1
Mary Shelley Award,1
Maryland Black-Eyed Susan Book Award,1
Massachusetts Book Award,1
Massachusetts Book Award Nominee,1
Massachusetts Children's Book Award (1977),1
Massachusetts Children's Book Award (1978),1
Massachusetts Children's Book Award (1980),1
Massachusetts Children's Book Award (1983),1
Massachusetts Children's Book Award (1984),1
Massachusetts Children's Book Award (1991),1
Massachusetts Children's Book Award (1992),1
Massachusetts Children's Book Award (1993),1
Massachusetts Children's Book Award (1994),1
Massachusetts Children's Book Award (1996),1
Massachusetts Children's Book Award (1999),1
Massachusetts Children's Book Award (2000),1
Massachusetts Children's Book Award (2005),1
Massachusetts Children's Book Award (2006),1
Massachusetts Children's Book Award (2007),1
Massachusetts Children's Book Award (2008),1
Massachusetts Children's Book Award (2010),1
Massachusetts Children's Book Award (2020),1
Maud Hart Lovelace Book Award,1
Maud Hart Lovelace Book Award (2016),1
Maud Hart Lovelace Book Award Nominee (2012),1
McKitterick Prize (2003),1
McNally Robinson Aboriginal Book of the Year Award,1
McNally Robinson Book of the Year Award (1993),1
Mekka-prijs (1993),1
Mekka-prijs (1996),1
Metų verstinė knyga (2009),1
Metų verstinė knyga (2014),1
Metų verstinė knyga (2016),1
Metų verstinė knyga (2017),1
Metų verstinė knyga Nominee (2009),1
Metų verstinė knyga Nominee (2010),1
Metų verstinė knyga Nominee (2012),1
Metų verstinė knyga Nominee (2013),1
Metų verstinė knyga Nominee (2014),1
Metų verstinė knyga Nominee (2015),1
Metų verstinė knyga Nominee (2016),1
Metų verstinė knyga Nominee (2017),1
Metų verstinė knyga Nominee (2020),1
Michael L. Printz Award (2005),1
Michael L. Printz Award (2007),1
Michael L. Printz Award (2008),1
Michael L. Printz Award (2009),1
Michael L. Printz Award (2010),1
Michael L. Printz Award (2011),1
Michael L. Printz Award (2012),1
Michael L. Printz Award (2014),1
Michael L. Printz Award (2018),1
Michael L. Printz Award (2019),1
Michael L. Printz Award Nominee (2000),1
Michael L. Printz Award Nominee (2001),1
Michael L. Printz Award Nominee (2003),1
Michael L. Printz Award Nominee (2004),1
Michael L. Printz Award Nominee (2005),1
Michael L. Printz Award Nominee (2007),1
Michael L. Printz Award Nominee (2009),1
Michael L. Printz Award Nominee (2010),1
Michael L. Printz Award Nominee (2011),1
Michael L. Printz Award Nominee (2012),1
Michael L. Printz Award Nominee (2014),1
Michael L. Printz Award Nominee (2015),1
Michael L. Printz Award Nominee (2016),1
Michael L. Printz Award Nominee (2017),1
Michael L. Printz Award Nominee (2018),1
Michigan Library Association Thumbs Up! Award,1
Michigan Library Association Thumbs Up! Award (1994),1
Michigan Library Association Thumbs Up! Award (2001),1
Michigan Library Association Thumbs Up! Award (2002),1
Michigan Library Association Thumbs Up! Award (2004),1
Michigan Library Association Thumbs Up! Award (2005),1
Michigan Library Association Thumbs Up! Award (2009),1
Michigan Library Association Thumbs Up! Award (2010),1
Michigan Library Association Thumbs Up! Award Nominee (1988),1
Michigan Library Association Thumbs Up! Award Nominee (1991),1
Michigan Library Association Thumbs Up! Award Nominee (1998),1
Michigan Library Association Thumbs Up! Award Nominee (1999),1
Michigan Library Association Thumbs Up! Award Nominee (2000),1
Michigan Library Association Thumbs Up! Award Nominee (2001),1
Michigan Library Association Thumbs Up! Award Nominee (2003),1
Michigan Library Association Thumbs Up! Award Nominee (2004),1
Michigan Library Association Thumbs Up! Award Nominee (2005),1
Michigan Library Association Thumbs Up! Award Nominee (2006),1
Michigan Library Association Thumbs Up! Award Nominee (2010),1
Middle East Book Award,1
Midwest Booksellers Choice Award,1
Mikael Agricola -palkinto,1
Mikael Agricola -palkinto (1959),1
Mikael Agricola -palkinto (1987),1
Mikael Agricola -palkinto (1989),1
Mikael Agricola -palkinto (1995),1
Mikael Agricola -palkinto (1996),1
Mikael Agricola -palkinto (1998),1
Mikael Agricola -palkinto (2001),1
Mikael Agricola -palkinto (2004),1
Mikael Agricola -palkinto (2005),1
Mikael Agricola -palkinto (2006),1
Mikael Agricola -palkinto (2008),1
Mikael Agricola -palkinto (2011),1
Mikael Agricola -palkinto (2020),1
Miles Franklin Literary Award (1989),1
Miles Franklin Literary Award (1992),1
Miles Franklin Literary Award (2002),1
Miles Franklin Literary Award Nominee,1
Miles Franklin Literary Award Nominee (2001),1
Miles Franklin Literary Award Nominee (2010),1
Miles Franklin Literary Award Nominee (2014),1
Milwaukee County Teen Book Award (2010),1
Milwaukee County Teen Book Award (2012),1
Milwaukee County Teen Book Award (2013),1
Milwaukee County Teen Book Award Nominee (2010),1
Milwaukee County Teen Book Award Nominee (2011),1
Milwaukee County Teen Book Award Nominee (2012),1
Milwaukee County Teen Book Award Nominee (2013),1
Milwaukee County Teen Book Award Nominee (2014),1
Milwaukee County Teen Book Award Nominee (2015),1
Milwaukee County Teen Book Award Nominee (2016),1
Milwaukee County Teen Book Award Nominee (2017),1
Minnesota Book Award,1
Mishima Yukio Prize 三島由紀夫賞 Nominee (1988),1
Mississippi Institute of Arts and Letters Award,1
Missouri Gateway Readers Award,1
Missouri Gateway Readers Award (2005),1
Missouri Gateway Readers Award (2010),1
Missouri Gateway Readers Award (2012),1
Missouri Gateway Readers Award (2013),1
Missouri Gateway Readers Award (2014),1
Missouri Gateway Readers Award (2017),1
Missouri Gateway Readers Award Nominee (2004),1
Missouri Gateway Readers Award Nominee (2005),1
Missouri Gateway Readers Award Nominee (2006),1
Missouri Gateway Readers Award Nominee (2007),1
Missouri Gateway Readers Award Nominee (2008),1
Missouri Gateway Readers Award Nominee (2009),1
Missouri Gateway Readers Award Nominee (2010),1
Missouri Gateway Readers Award Nominee (2011),1
Missouri Gateway Readers Award Nominee (2012),1
Missouri Gateway Readers Award Nominee (2013),1
Missouri Gateway Readers Award Nominee (2014),1
Missouri Gateway Readers Award Nominee (2015),1
Missouri Gateway Readers Award Nominee (2016),1
Missouri Gateway Readers Award Nominee (2017),1
Missouri Gateway Readers Award Nominee (2018),1
Missouri Truman Readers Award (2009),1
Missouri Truman Readers Award (2010),1
Missouri Truman Readers Award (2013),1
Missouri Truman Readers Award Nominee (2009),1
Missouri Truman Readers Award Nominee (2010),1
Missouri Truman Readers Award Nominee (2011),1
Missouri Truman Readers Award Nominee (2012),1
Missouri Truman Readers Award Nominee (2016),1
Missouri Truman Readers Award Nominee (2018),1
Mitten Award Nominee,1
Międzynarodowa Nagroda Literacka im. Janusza Korczaka (1979),1
Monica Hughes Award,1
Montana Book Award (2009),1
Montana Book Award (2012),1
Moonbeam Children's Book Award,1
Moonbeam Children's Book Award (2007),1
Moortidevi Award,1
More than Magic,1
Morgenbladet Book of the Year Prize,1
Muhammad Hasan Askari Award,1
Multatuliprijs (1993),1
Muslim World League at worldwi,1
Muttathu Varkey Award (1994),1
Mythopoeic Fantasy Award,1
Mythopoeic Fantasy Award (1971),1
Mythopoeic Fantasy Award (1981),1
Mythopoeic Fantasy Award (1982),1
Mythopoeic Fantasy Award (1986),1
Mythopoeic Fantasy Award (1988),1
Mythopoeic Fantasy Award Nominee,1
Mythopoeic Fantasy Award Nominee (1971),1
Mythopoeic Fantasy Award Nominee (1972),1
Mythopoeic Fantasy Award Nominee (1973),1
Mythopoeic Fantasy Award Nominee (1974),1
Mythopoeic Fantasy Award Nominee (1975),1
Mythopoeic Fantasy Award Nominee (1985),1
Mythopoeic Fantasy Award Nominee (1986),1
Mythopoeic Fantasy Award Nominee (1987),1
Mythopoeic Fantasy Award Nominee (1989),1
Mythopoeic Fantasy Award Nominee (1990),1
Mythopoeic Fantasy Award Nominee (1991),1
Mythopoeic Fantasy Award Nominee (1997),1
NAACP Image Award,1
NAACP Image Award Nominee,1
NAIBA Book of the Year,1
NBDB National Book Award Nominee,1
NCR Book Award (1989),1
NCTE Charlotte Huck Award Nominee (2016),1
NCTE Charlotte Huck Award Nominee (2017),1
NCTE Charlotte Huck Honor Book (2015),1
NCTE Charlotte Huck Honor Book (2017),1
NCTE Charlotte Huck Honor Book (2018),1
NIN Prize (1965),1
NIN Prize (1966),1
NIN Prize (1984),1
NMBA Richard Harris Award (2016),1
NMBA Richard Harris Award (2018),1
NSK Neustadt Prize,1
Nagroda Nautilus Nominee,1
Naoki Prize 直木三十五賞 (2005),1
Naoki Prize 直木三十五賞 Nominee (1997),1
National Book Award,1
National Book Award Finalist,1
National Book Award Nominee,1
National Book Council Banjo Award,1
National Book Critics Circle Award,1
National Book Critics Circle Award Nominee,1
National Book Critics Circle Award Nominee (2003),1
National Indie Excellence Awards Nominee,1
National Jewish Book Award,1
National Jewish Book Award Nominee (2008),1
National Outdoor Book Award,1
Nebraska Book Award,1
Nebula Award,1
Nebula Award Nominee,1
Nebula Award Nominee (1974),1
Ned Kelly Award,1
Ned Kelly Award Nominee,1
Nene Award (1966),1
Nene Award (1971),1
Nene Award (1978),1
Nene Award (1983),1
Nene Award (1991),1
Nene Award (1994),1
Nene Award (1996),1
Nene Award (2000),1
Nene Award (2002),1
Nene Award (2008),1
Nene Award (2010),1
Nero Award (1996),1
Nero Award (1997),1
Nero Award (1999),1
Nero Award (2005),1
Nero Award (2006),1
Nero Award Nominee (2011),1
Nero Award Nominee (2012),1
Nestlé Smarties Book Prize,1
Nestlé Smarties Book Prize (2006),1
Nevada Young Readers' Award,1
New England Chapter RWA Readers' Choice,1
New Mexico Land of Enchantment Award,1
New Mexico Land of Enchantment Award (1982),1
New Mexico Land of Enchantment Award (1983),1
New Mexico Land of Enchantment Award (1990),1
New Mexico Land of Enchantment Award (1992),1
New Mexico Land of Enchantment Award (1993),1
New Mexico Land of Enchantment Award (1994),1
New Mexico Land of Enchantment Award (1997),1
New Mexico Young Readers Award,1
New South Wales Premier's Literary Award,1
New South Wales Premier's Literary Award Nominee,1
New York City Book Award,1
New York Drama Critics' Circle Award,1
New York Drama Critics' Circle Award Nominee,1
New York Public Library Young Lions Fiction Award (2011),1
New York Public Library Young Lions Fiction Award (2012),1
New York Public Library Young Lions Fiction Award Nominee (2007),1
New York Public Library Young Lions Fiction Award Nominee (2012),1
New York Public Library Young Lions Fiction Award Nominee (2013),1
New York Public Library Young Lions Fiction Award Nominee (2014),1
New-York Historical Society American History Book Prize,1
Newbery Medal (1944),1
Newbery Medal (1946),1
Newbery Medal (1949),1
Newbery Medal (1956),1
Newbery Medal (1958),1
Newbery Medal (1962),1
Newbery Medal (1963),1
Newbery Medal (1967),1
Newbery Medal (1969),1
Newbery Medal (1972),1
Newbery Medal (1973),1
Newbery Medal (1981),1
Newbery Medal (1983),1
Newbery Medal (1985),1
Newbery Medal (1986),1
Newbery Medal (1991),1
Newbery Medal (1992),1
Newbery Medal (1994),1
Newbery Medal (1996),1
Newbery Medal (1997),1
Newbery Medal (1998),1
Newbery Medal (2000),1
Newbery Medal (2002),1
Newbery Medal (2004),1
Newbery Medal (2005),1
Newbery Medal (2010),1
Newbery Medal (2011),1
Newbery Medal (2013),1
Newbery Medal (2015),1
Newbery Medal (2017),1
Newbery Medal Nominee (1938),1
Newbery Medal Nominee (1940),1
Newbery Medal Nominee (1941),1
Newbery Medal Nominee (1942),1
Newbery Medal Nominee (1944),1
Newbery Medal Nominee (1948),1
Newbery Medal Nominee (1949),1
Newbery Medal Nominee (1953),1
Newbery Medal Nominee (1957),1
Newbery Medal Nominee (1960),1
Newbery Medal Nominee (1966),1
Newbery Medal Nominee (1972),1
Newbery Medal Nominee (1973),1
Newbery Medal Nominee (1974),1
Newbery Medal Nominee (1975),1
Newbery Medal Nominee (1981),1
Newbery Medal Nominee (1982),1
Newbery Medal Nominee (1983),1
Newbery Medal Nominee (1984),1
Newbery Medal Nominee (1986),1
Newbery Medal Nominee (1991),1
Newbery Medal Nominee (1995),1
Newbery Medal Nominee (1996),1
Newbery Medal Nominee (1997),1
Newbery Medal Nominee (1998),1
Newbery Medal Nominee (2001),1
Newbery Medal Nominee (2003),1
Newbery Medal Nominee (2004),1
Newbery Medal Nominee (2007),1
Newbery Medal Nominee (2008),1
Newbery Medal Nominee (2009),1
Newbery Medal Nominee (2010),1
Newbery Medal Nominee (2012),1
Newbery Medal Nominee (2013),1
Newbery Medal Nominee (2015),1
Newbery Medal Nominee (2016),1
Newbery Medal Nominee (2017),1
Newbery Medal Nominee (2018),1
Next Generation Indie Book Awards,1
Next Generation Indie Book Awards Nominee,1
Nihon University Department of Arts Prize (1986),1
Noma Literary Prize 野間文芸賞,1
Nommo Award,1
Nommo Award Nominee,1
Nordisk Raads Litteraturpris (Nordic Council Literature Prize) (2002),1
Nordisk Raads Litteraturpris (Nordic Council Literature Prize) (2010),1
Nordisk Raads Litteraturpris (Nordic Council Literature Prize) Nominee (2010),1
Norma K. Hemming Award Nominee (2012),1
Norma K. Hemming Award Nominee (2014),1
North Carolina Children's Book Award (1994),1
North Carolina Children's Book Award (1999),1
North Carolina Children's Book Award (2002),1
North Carolina Children's Book Award (2007),1
North Carolina Children's Book Award (2009),1
North Carolina Children's Book Award (2012),1
North Carolina Children's Book Award (2013),1
North Carolina Young Adult Book Award,1
North East Teenage Book Award (2004),1
North East Teenage Book Award (2009),1
North East Teenage Book Award (2012),1
North East Teenage Book Award (2016),1
North East Teenage Book Award Nominee (1999),1
North East Teenage Book Award Nominee (2002),1
North East Teenage Book Award Nominee (2003),1
North East Teenage Book Award Nominee (2005),1
North East Teenage Book Award Nominee (2006),1
North East Teenage Book Award Nominee (2007),1
North East Teenage Book Award Nominee (2008),1
North East Teenage Book Award Nominee (2012),1
North East Teenage Book Award Nominee (2014),1
North East Teenage Book Award Nominee (2016),1
North East Teenage Book Award Nominee (2018),1
Norwegian Critics Prize,1
Nuori Aleksis -palkinto Nominee (2012),1
Nébula (1985),1
O. Henry Award,1
O. Henry Award (1998),1
OCM Bocas Prize,1
OKRWA National Readers Choice Award,1
OLA Evergreen Award (2005),1
OLA Evergreen Award (2006),1
OLA Evergreen Award (2007),1
OLA Evergreen Award (2008),1
OLA Evergreen Award (2009),1
OLA Forest of Reading Red Maple Award,1
OLA Forest of Reading Red Maple Award Nominee,1
OLA Forest of Reading Silver Birch Award,1
Ockham New Zealand Book Awards,1
Odyssey Award (2011),1
Odyssey Award (2013),1
Odyssey Award (2016),1
Odyssey Award (2019),1
Odyssey Award Nominee (2008),1
Odyssey Award Nominee (2009),1
Odyssey Award Nominee (2010),1
Odyssey Award Nominee (2011),1
Odyssey Award Nominee (2012),1
Odyssey Award Nominee (2013),1
Odyssey Award Nominee (2014),1
Odyssey Award Nominee (2016),1
Odyssey Award Nominee (2017),1
Odyssey Award Nominee (2018),1
Odyssey Award Nominee (2019),1
Ohioana Book Award,1
Oklahoma Sequoyah Award,1
Oklahoma Sequoyah Award (1959),1
Oklahoma Sequoyah Award (1961),1
Oklahoma Sequoyah Award (1965),1
Oklahoma Sequoyah Award (1967),1
Oklahoma Sequoyah Award (1971),1
Oklahoma Sequoyah Award (1973),1
Oklahoma Sequoyah Award (1975),1
Oklahoma Sequoyah Award (1979),1
Oklahoma Sequoyah Award (1982),1
One Book One San Diego,1
One Book One San Diego (2009),1
One Book One San Diego (2012),1
One Book One San Diego (2013),1
Ontario LIbrary Association White Pine/ Forest of Reading Nominee,1
Openbook好書獎,1
Orange Prize,1
Orange Prize Nominee,1
Oregon Book Award,1
Oregon Book Award Nominee,1
Oregon Spirit Book Award Nominee,1
Orion Book Award,1
Orion Book Award (2008),1
Orion Book Award Nominee (2012),1
Orwell Prize,1
Orwell Prize Nominee,1
Oxford-Weidenfeld Translation Prize (2000),1
Oxford-Weidenfeld Translation Prize (2004),1
Oxford-Weidenfeld Translation Prize (2006),1
Oxford-Weidenfeld Translation Prize (2008),1
Oxford-Weidenfeld Translation Prize (2013),1
P.E.A.R.L. (Paranormal Excellence Award,1
P2-lytternes romanpris (2009),1
P2-lytternes romanpris Nominee (2001),1
PEN Center USA Literary Award,1
PEN Open Book Award (2007),1
PEN Open Book Award (2009),1
PEN Open Book Award Nominee,1
PEN Translation Prize,1
PEN Translation Prize Nominee,1
PEN/Diamonstein-Spielvogel Award,1
PEN/E.O. Wilson Prize,1
PEN/Faulkner Award,1
PEN/Hemingway Foundation Award (1982),1
PEN/Hemingway Foundation Award (2013),1
PEN/Hemingway Foundation Award (2017),1
PEN/Hemingway Foundation Award (2019),1
PEN/Hemingway Foundation Award Nominee,1
PEN/Hemingway Foundation Award Nominee (1993),1
PEN/Hemingway Foundation Award Nominee (2007),1
PEN/Hemingway Foundation Award Nominee (2009),1
PEN/Hemingway Foundation Award Nominee (2012),1
PEN/Jean Stein Book Award Nominee,1
PEN/Jean Stein Book Award Nominee (2017),1
PEN/John Kenneth Galbraith Award,1
PEN/Joyce Osterweil Award,1
PEN/Martha Albrand Award,1
PEN/Robert W. Bingham Prize (2010),1
PEN/Robert W. Bingham Prize Nominee,1
PEN/Robert W. Bingham Prize Nominee (2009),1
POPULAR-The Star Readers’ Choice Awards,1
POPULAR-The Star Readers’ Choice Awards Nominee,1
PRISM Award,1
Pacific Northwest Booksellers Association Award (2004),1
Pacific Northwest Library Association Young Reader's Choice Award,1
Pacific Northwest Library Association Young Reader's Choice Award (1942),1
Pacific Northwest Library Association Young Reader's Choice Award (1944),1
Pacific Northwest Library Association Young Reader's Choice Award (1951),1
Pacific Northwest Library Association Young Reader's Choice Award (1959),1
Pacific Northwest Library Association Young Reader's Choice Award (1971),1
Pacific Northwest Library Association Young Reader's Choice Award (1974),1
Pacific Northwest Library Association Young Reader's Choice Award (1975),1
Pacific Northwest Library Association Young Reader's Choice Award (1982),1
Pacific Northwest Library Association Young Reader's Choice Award (1984),1
Pacific Northwest Library Association Young Reader's Choice Award (1990),1
Pacific Northwest Library Association Young Reader's Choice Award (1993),1
Pacific Northwest Library Association Young Reader's Choice Award (1999),1
Pacific Northwest Library Association Young Reader's Choice Award (2010),1
Package Design,1
Palestine Book Awards Nominee,1
Palle Rosenkrantz Prisen (1994),1
Paranormal (2007),1
Parenting Book of the Year Award (2003),1
Paris Book Festival,1
Parsec Award,1
Paszporty Polityki (1997),1
Pegasus Prize,1
Peggy Miller Award,1
Peggy Miller Award (2009),1
Pennsylvania Young Readers' Choice Award,1
Pennsylvania Young Readers' Choice Award Nominee,1
Pennsylvania Young Readers' Choice Award Nominee (2011),1
Penulis dan Buku Fiksi Terfavorit,1
Peter Pan Award,1
Phantastik-Preis der Stadt Wetzlar (1983),1
Phantastik-Preis der Stadt Wetzlar (2005),1
Philip K. Dick Award,1
Philip K. Dick Award (1984),1
Philip K. Dick Award (2001),1
Philip K. Dick Award (2004),1
Philip K. Dick Award (2011),1
Philip K. Dick Award Nominee (1983),1
Philip K. Dick Award Nominee (2011),1
Philip K. Dick Award Nominee (2014),1
Philip K. Dick Award Nominee (2018),1
Phoenix Award (Children's Literature Association) (1997),1
Phoenix Award (Children's Literature Association) (2016),1
Plano Nacional,1
Polish Book of the year Award (Książka Roku - Fantasy) Nominee,1
Polnischer Jugendliteraturpreis (1972),1
Preis der Gruppe 47 (1958),1
Preis der Jugendjury (2004),1
Preis der Leseratten des ZDF (1979),1
Preis der Leseratten des ZDF (1989),1
Premi Ictineu,1
Premi Llibreter,1
Premi Protagonista Jove,1
Premio,1
Premio Alassio Centolibri - Un autore per l'Europa (2008),1
Premio Alassio Centolibri - Un autore per l'Europa (2009),1
Premio Altazor,1
Premio Ateneo,1
Premio Bancarelino (1978),1
Premio Bancarella (1953),1
Premio Bancarella (1962),1
Premio Bancarella (1982),1
Premio Bancarella (2009),1
Premio Bancarella (2010),1
Premio Biblioteca Breve (1962),1
Premio Campiello,1
Premio Campiello (1994),1
Premio Campiello (2009),1
Premio Campiello Nominee (0),1
Premio Edebé Juvenil (1993),1
Premio El Templo,1
Premio Etnosur,1
"Premio Europeo di Letteratura Giovanile ""Pier Paolo Vergerio"" (1973)",1
Premio Formentor,1
Premio Francisco Umbral al libro del año (2016),1
Premio Fundación José Manuel Lara,1
Premio Grinzane Cavour,1
Premio Grinzane Cavour Nominee,1
Premio Herral,1
Premio Iberoamericano José Martí,1
Premio Ignotus,1
Premio Ignotus Nominee,1
Premio Internacional,1
Premio Internacional RBA,1
Premio Know Square (2011),1
Premio Morosoli,1
Premio Municipal,1
Premio Nacional,1
Premio Novela Ciudad,1
Premio Quinto Sol,1
Premio Salambó (2004),1
Premio San Clemente,1
Premio Strega,1
Premio Strega (2008),1
Premio Strega Europeo (2018),1
Premio Strega Nominee (2015),1
Premio Tigre Juan (1988),1
Premio Viareggio (1957),1
Premio Viareggio (1993),1
Premio Viareggio (1994),1
Premio Viareggio (2001),1
"Premio a la mejor traducción del ruso al Español: ""La literatura rusa en España""",1
Premio letterario Giuseppe Acerbi (2001),1
Premio letterario Giuseppe Acerbi (2010),1
Premio letterario Giuseppe Acerbi (2015),1
Prijs van,1
Prime Minister's Literary Awards,1
Prime Minister's Literary Awards Nominee,1
Prismas Casa,1
Prix,1
Prix Ados Rennes Ille-et-Vilaine Nominee (2015),1
Prix Aurora Award,1
Prix Aurora Award Nominee,1
Prix Bob Morane,1
Prix Boréal,1
Prix Bédélys Jeunesse (2012),1
Prix Bédélys Jeunesse (2014),1
Prix Cosmos 2000 (1985),1
Prix Cosmos 2000 (1986),1
Prix Cosmos 2000 (1989),1
Prix Cosmos 2000 (1990),1
Prix Cosmos 2000 (1991),1
Prix Cosmos 2000 (1994),1
Prix Cosmos 2000 (1995),1
Prix Elbakin.net,1
Prix Femina,1
Prix Femina (1931),1
Prix Femina (1968),1
Prix Femina (2006),1
Prix Femina Vacaresco (1952),1
Prix France Culture (2004),1
Prix France-Liban,1
Prix Fulbert,1
Prix Goncourt (1919),1
Prix Goncourt (1975),1
Prix Goncourt (1984),1
Prix Goncourt (2006),1
Prix Goncourt (2010),1
Prix Goncourt des Lycéens (2012),1
Prix Goncourt du premier roman (2010),1
Prix Interallié (1991),1
Prix Interallié (2005),1
Prix Jan Michalski Nominee,1
Prix Jean-Monnet,1
Prix Julia Verlanger (1990),1
Prix Julia Verlanger (1991),1
Prix Julia Verlanger (1997),1
Prix Julia Verlanger (2012),1
Prix Julia Verlanger (2013),1
Prix Julia Verlanger (2017),1
Prix Littéraire Européen - Madeleine Zepter (2003),1
Prix Littéraire Européen - Madeleine Zepter (2006),1
Prix Littéraire Européen - Madeleine Zepter (2007),1
Prix Littéraire Européen - Madeleine Zepter (2008),1
Prix Lorientales (2014),1
Prix Maison,1
Prix Masterton,1
Prix Millepages Award,1
Prix Médicis (1978),1
Prix Médicis Etranger (1971),1
Prix Médicis Etranger (1973),1
Prix Médicis Etranger (1976),1
Prix Médicis Etranger (1995),1
Prix Médicis Etranger (1997),1
Prix Médicis Etranger (1998),1
Prix Médicis Etranger (2002),1
Prix Médicis Etranger (2005),1
Prix Médicis Etranger (2009),1
Prix Méditerranée Étranger (2002),1
Prix Méditerranée Étranger (2006),1
Prix Polar International (2006),1
Prix Polar International (2008),1
Prix Polar International (2009),1
Prix Polar International (2011),1
Prix Relay des Voyageurs (2013),1
Prix Relay des Voyageurs Nominee (2016),1
Prix Relay du Roman d'Evasion (2000),1
Prix Relay du Roman d'Evasion (2002),1
Prix Renaudot (2004),1
Prix Ritz-Paris-Hemingway (1986),1
Prix SNCF du polar,1
Prix Tour Eiffel (2002),1
Prix Tour-Apollo Award,1
Prix Tour-Apollo Award (1979),1
Prix Tour-Apollo Award (1987),1
Prix Une autre Terre (2013),1
Prix Une autre Terre (2014),1
Prix des Critiques (1954),1
Prix des Libraires (1969),1
Prix des lecteurs,1
Prix des lecteurs du Livre,1
Prix des libraires du Québec,1
Prix des libraires du Québec (2015),1
Prix des libraires du Québec Nominee,1
Prix des prix littéraires Nominee (2012),1
Prix du Festival d'Angoulême,1
Prix du Meilleur Livre Étranger,1
Prix du Meilleur Livre Étranger (1984),1
Prix du livre sur l'environnement (2007),1
Prix du meilleur polar scandinave,1
Prix du roman Fnac (2010),1
Prix du roman d'aventures (1992),1
Prix européen,1
Prix européen Utopiales des pays,1
Prix européen des jeunes lecteurs (2006),1
Prix littéraire étranger Le Mon,1
Prometheus Award,1
Prometheus Award Nominee,1
Prometheus Hall of Fame Award (1983),1
Prometheus Hall of Fame Award (1984),1
Prometheus Hall of Fame Award (1986),1
Prometheus Hall of Fame Award (1988),1
Prometheus Hall of Fame Award (1992),1
Prometheus Hall of Fame Award (2007),1
Prometheus Hall of Fame Award (2008),1
Prometheus Hall of Fame Award (2011),1
Prometheus Hall of Fame Award (2012),1
Prometheus Hall of Fame Award Nominee,1
Prémio Andersen (2004),1
Prémio D. Diniz da Fundação da Casa,1
Prémio Literário Giuseppe Tomasi di Lampedusa International (2018),1
Prémio Literário Município,1
Prémio Nacional,1
Prêmio Jabuti (2006),1
Prêmio Literário Biblioteca Nacional,1
Prêmio Portugal Telecom,1
Publieksprijs voor het Nederlandse Boek (2006),1
Publieksprijs voor het Nederlandse Boek (2009),1
Publieksprijs voor het Nederlandse Boek Nominee (2001),1
Publieksprijs voor het Nederlandse Boek Nominee (2002),1
Publieksprijs voor het Nederlandse Boek Nominee (2004),1
Publieksprijs voor het Nederlandse Boek Nominee (2006),1
Publieksprijs voor het Nederlandse Boek Nominee (2016),1
Puddly Award,1
Pulitzer Prize,1
Pulitzer Prize Nominee,1
Pura Belpré Award,1
Pura Belpré Award Nominee,1
QWF (Quebec Writer's Federation) Award,1
Queensland Literary Awards,1
Queensland Premier's Literary Awards,1
Queensland Premier's Literary Awards Nominee,1
Qué leer,1
RAI (Readers Association of Ireland) Award,1
RBL Romantica Hughie Award,1
RIO Award of Excellence,1
RITA Award,1
RSL Encore Award (2002),1
RSL Encore Award Nominee (2007),1
RSL Encore Award Nominee (2013),1
RT Reviewers Choice Award,1
RTL y Télérama (2013),1
Randy Shilts Award,1
Randy Shilts Award Nominee (2004),1
Rathbones Folio Prize (2014),1
Rathbones Folio Prize Nominee (2015),1
Rathbones Folio Prize Nominee (2017),1
Rathbones Folio Prize Nominee (2018),1
Rathbones Folio Prize Nominee (2019),1
Readers' Crown Award,1
Readers' Favorite Book Award,1
Readers' Favorite Book Award (2014),1
Readers' Favorite Book Award (2015),1
Readers' Favorite Book Award Nominee,1
Reading Women Award,1
Reading Women Award Nominee,1
Rebecca Caudill Young Readers' Book Award (1988),1
Rebecca Caudill Young Readers' Book Award (1991),1
Rebecca Caudill Young Readers' Book Award (1993),1
Rebecca Caudill Young Readers' Book Award (1994),1
Rebecca Caudill Young Readers' Book Award (1996),1
Rebecca Caudill Young Readers' Book Award (1999),1
Rebecca Caudill Young Readers' Book Award (2003),1
Rebecca Caudill Young Readers' Book Award (2004),1
Rebecca Caudill Young Readers' Book Award (2005),1
Rebecca Caudill Young Readers' Book Award (2007),1
Rebecca Caudill Young Readers' Book Award (2008),1
Rebecca Caudill Young Readers' Book Award (2009),1
Rebecca Caudill Young Readers' Book Award (2010),1
Rebecca Caudill Young Readers' Book Award (2013),1
Rebecca Caudill Young Readers' Book Award (2016),1
Rebecca Caudill Young Readers' Book Award (2017),1
Rebecca Caudill Young Readers' Book Award Nominee (2006),1
Rebecca Caudill Young Readers' Book Award Nominee (2007),1
Rebecca Caudill Young Readers' Book Award Nominee (2008),1
Rebecca Caudill Young Readers' Book Award Nominee (2009),1
Rebecca Caudill Young Readers' Book Award Nominee (2010),1
Rebecca Caudill Young Readers' Book Award Nominee (2011),1
Rebecca Caudill Young Readers' Book Award Nominee (2012),1
Rebecca Caudill Young Readers' Book Award Nominee (2013),1
Rebecca Caudill Young Readers' Book Award Nominee (2014),1
Rebecca Caudill Young Readers' Book Award Nominee (2015),1
Rebecca Caudill Young Readers' Book Award Nominee (2016),1
Rebecca Caudill Young Readers' Book Award Nominee (2017),1
Rebecca Caudill Young Readers' Book Award Nominee (2018),1
Rebecca Caudill Young Readers' Book Award Nominee (2019),1
Rebecca Caudill Young Readers' Book Award Nominee (2020),1
Red House Children's Book Award,1
Red House Children's Book Award (1989),1
Redbridge Children's Book Award,1
Reddit r/fantasy Stab,1
Republic of Consciousness Prize Nominee,1
Retailer's Choice Award (2007),1
Retro Hugo Award,1
Retro Hugo Award Nominee,1
Rho,1
Riksmålsforbundets barne- og ungdomsbokpris (2003),1
Rivertonprisen Nominee (2013),1
Robert F. Kennedy Book Award (2010),1
Robert F. Kennedy Book Award (2011),1
Robert F. Kennedy Book Award (2017),1
Rodda Book Award (2006),1
Roderick Haig-Brown Regional Prize (2006),1
Rogers Writers' Trust Fiction Prize (2005),1
Rogers Writers' Trust Fiction Prize (2007),1
Rogers Writers' Trust Fiction Prize (2011),1
Rogers Writers' Trust Fiction Prize (2014),1
Rogers Writers' Trust Fiction Prize (2015),1
Rogers Writers' Trust Fiction Prize Nominee (1997),1
Rogers Writers' Trust Fiction Prize Nominee (1999),1
Rogers Writers' Trust Fiction Prize Nominee (2006),1
Rogers Writers' Trust Fiction Prize Nominee (2007),1
Romance Readers Anonymous (RRA) Award,1
Romance Readers Anonymous (RRA) Award (1995),1
Romance Readers Anonymous (RRA) Award (1996),1
Romantic Novel of the Year (RoNa's) Award (1991),1
Romantic Novel of the Year (RoNa's) Award (2010),1
Romantic Novel of the Year (RoNa's) Award (2011),1
Romantic Novel of the Year (RoNa's) Award Nominee,1
Romantic Times Reviewers' Choice Award (RT Award),1
Romantic Times Reviewers' Choice Award (RT Award) Nominee,1
Rosenthal Family Foundation Award (1965),1
Rosenthal Family Foundation Award (1967),1
Rosenthal Family Foundation Award (1982),1
Royal Society Science Book Prize,1
Royal Society Science Book Prize Nominee,1
Royal Society Science Book Prize Nominee (2006),1
Royal Society Science Book Prize Nominee (2009),1
Royal Society of Biology General Book Prize (2015),1
Rudolf Koivu -palkinto (1958),1
Runeberg-palkinto (2009),1
Ruth and Sylvia Schwartz Children's Book Award,1
Ryszard Kapuściński Prize (2010),1
Ryszard Kapuściński Prize Nominee (2011),1
Ryszard Kapuściński Prize Nominee (2013),1
S.A. Festival National Children’s Book Award Nominee,1
SCBWI Crystal Kite Member Choice Award,1
SCBWI Golden Kite Award,1
SCBWI Golden Kite Award (1973),1
SCBWI Golden Kite Award Nominee,1
SF Chronicle Award,1
SF Chronicle Award Nominee,1
SF ga Yomitai,1
SFBC Award (1987),1
SFBC Award (1988),1
SFBC Award (1989),1
SFBC Award (1992),1
SFBC Award (1994),1
SFBC Award (1995),1
SFBC Award (1996),1
SFBC Award Nominee,1
SFX Award,1
SIBA Book Award,1
SKoW Award,1
Saif Ghobash Banipal Prize,1
Saif Ghobash Banipal Prize Nominee,1
Sakura Medal,1
Sakura Medal Nominee,1
Salon Book Award (1998),1
Saltire Society Literary Award,1
Salón Internacional del Cómic,1
Sami Rohr Prize Nominee,1
Samuel Johnson Prize,1
San Diego Theodor S. Geisel Award (2000),1
San Diego Theodor S. Geisel Award (2003),1
San Francisco Book Festival,1
San Francisco Book Festival Nominee,1
Saturn Award,1
Sayembara Menulis Novel Dewan Kesenian Jakarta,1
Schlegel-Tieck Prize,1
Schlegel-Tieck Prize Nominee,1
Schneider Family Book Award,1
Science Fiction and Fantasy Translation Award Nominee,1
Scotiabank Giller Prize (1996),1
Scotiabank Giller Prize (1997),1
Scotiabank Giller Prize (2015),1
Scotiabank Giller Prize (2016),1
Scotiabank Giller Prize Nominee (1996),1
Scotiabank Giller Prize Nominee (1999),1
Scotiabank Giller Prize Nominee (2002),1
Scotiabank Giller Prize Nominee (2003),1
Scotiabank Giller Prize Nominee (2006),1
Scotiabank Giller Prize Nominee (2007),1
Scotiabank Giller Prize Nominee (2008),1
Scotiabank Giller Prize Nominee (2009),1
Scotiabank Giller Prize Nominee (2010),1
Scotiabank Giller Prize Nominee (2011),1
Scotiabank Giller Prize Nominee (2013),1
Scotiabank Giller Prize Nominee (2014),1
Scotiabank Giller Prize Nominee (2019),1
Scott Moncrieff Prize,1
Scott O'Dell Award (1984),1
Scott O'Dell Award (1986),1
Scott O'Dell Award (1998),1
Scott O'Dell Award (2002),1
Scottish Children's Book Award Nominee,1
Sealed Room Award (2012),1
Seiun Award 星雲賞,1
Seiun Award 星雲賞 Nominee,1
Shakti Bhatt First Book Prize Nominee (2008),1
Shamus Award,1
Shamus Award Nominee,1
Shaughnessy Cohen Prize,1
Sheffields Children's Book of the Year (2002),1
Sheila A. Egoff Children’s Literature Prize (2012),1
Sheila A. Egoff Children’s Literature Prize Nominee (2013),1
Sheila A. Egoff Children’s Literature Prize Nominee (2016),1
Shirley Jackson Award,1
Shirley Jackson Award Nominee,1
Sibert Medal (2013),1
Sibert Medal Nominee (2015),1
Sid Fleischman Humor Award (2014),1
Sidewise Award,1
Sidewise Award Nominee,1
Sieben Beste - Zürcher Kinderbuchpreis La vache qui lit (1998),1
Sigma Tau Delta Literary Guild,1
Silberner Lufti (2001),1
Silberner Lufti (2006),1
Silberner Lufti (2010),1
Silberner Lufti (2011),1
Sir Julius Vogel Award Nominee,1
Snow Willow Award Nominee (2016),1
Soaring Eagle Book Award,1
Soaring Eagle Book Award (1992),1
Soaring Eagle Book Award (1998),1
Soaring Eagle Book Award (2001),1
Soaring Eagle Book Award (2002),1
Soaring Eagle Book Award (2004),1
Soaring Eagle Book Award (2005),1
Soaring Eagle Book Award (2007),1
Soaring Eagle Book Award (2009),1
Soaring Eagle Book Award (2012),1
Soaring Eagle Book Award (2014),1
Soaring Eagle Book Award Nominee (1996),1
Society of Midland Authors Award,1
Society of Midland Authors Award Nominee,1
Soeurette Diehl Fraser Award,1
Somerset Maugham Award (1955),1
Somerset Maugham Award (1964),1
Somerset Maugham Award (2000),1
Somerset Maugham Award (2003),1
Somerset Maugham Award (2006),1
Somerset Maugham Award (2008),1
South Asia Book Award Nominee,1
South Carolina Book Award,1
South Carolina Book Award Nominee,1
South Carolina Book Award Nominee (2012),1
South Carolina Book Award Nominee (2013),1
South Lanarkshire Children's Book Award,1
Southern California Book Festival,1
Southern California Independent Booksellers Award,1
Specsavers National Book Award,1
Specsavers National Book Award Nominee,1
Spur Award,1
Spur Award Nominee,1
Sr. First Novel Prize (2006),1
Stalker Award,1
Stephen Leacock Memorial Medal (1998),1
Stephen Leacock Memorial Medal (2012),1
Stockport Schools' Book Award,1
Stonewall Book Award,1
Stonewall Book Award (2020),1
Stonewall Book Award Nominee,1
Stora Ljudbokspriset Nominee (2015),1
Strand Critics Award,1
Strand Critics Award  Nominee,1
Suburban Mosaic Book of the Year (2011),1
Sue Kaufman Prize,1
Sunburst Award,1
Sunburst Award Nominee,1
Sunday Independent Newcomer of the Year (2014),1
Sunday Times/Peters Fraser + Dunlop Young Writer of the Year Award (2000),1
Sunday Times/Peters Fraser + Dunlop Young Writer of the Year Award (2001),1
Sunshine State Young Readers Award,1
Sunshine State Young Readers Award (1983),1
Sunshine State Young Readers Award (1993),1
Sunshine State Young Readers Award Nominee,1
Sunshine State Young Readers Award Nominee (2009),1
Svenska Deckarakademins pris för bästa svenska kriminalroman (1991),1
Sydney Taylor Book Award,1
Sørlandets litteraturpris,1
TRT (Türkiye Radyo Televizyonları) Başarı Ödülü,1
Tanizaki Prize 谷崎潤一郎賞 (1966),1
Tassy Walden Award,1
Teen Buckeye Book Award (2005),1
Teen Buckeye Book Award (2008),1
Teen Buckeye Book Award (2009),1
Teen Buckeye Book Award (2011),1
Teen Buckeye Book Award Nominee (2012),1
Teen Read Award Nominee,1
Tetradrama D’Oro Award,1
Texas Bluebonnet Award (1990),1
Texas Bluebonnet Award (1994),1
Texas Bluebonnet Award (1995),1
Texas Bluebonnet Award (2012),1
Texas Bluebonnet Award Nominee (2005),1
Texas Bluebonnet Award Nominee (2017),1
Texas Bluebonnet Award Nominee (2018),1
Texas Bluebonnet Award Nominee (2019),1
The Age Book of the Year (1985),1
The Athens Prize,1
The Best of the Booker Nominee (2008),1
The CWA Dagger of Daggers (2005),1
The CWA Dagger of Daggers Nominee (2005),1
The Center,1
The Children's Book Award from the Vienna House of Literature (2001),1
The Dream (Visul) National Literary Award,1
The ESFS Award,1
The Fiction and Prose Supernatural Awards,1
The Flume: New Hampshire Teen Reader's Choice Award (2006),1
The Flume: New Hampshire Teen Reader's Choice Award (2007),1
The Flume: New Hampshire Teen Reader's Choice Award (2008),1
The Great Michigan Read (2015),1
The Hindu Literary Prize Nominee (2012),1
The Hughes & Hughes Literary Award,1
The Inky Awards,1
The Inky Awards Nominee,1
The Inky Awards Shortlist,1
The International Literacy Association (ILA) Children's and Young Adults' Book Award,1
The Irish Times Aer Lingus Literary Award (1991),1
The Kitschies,1
The Kitschies Nominee,1
The Louis J. Battan Author's Award,1
The Macallan Gold Dagger,1
The Macallan Silver Dagger,1
The Magnolia Award,1
The Magnolia Award (2010),1
The Magnolia Award Nominee,1
The Oliver C. Cox Anti-Racism Award,1
The People's Book Prize Nominee,1
The Quill Award,1
The Quill Award (2006),1
The Quill Award (2007),1
The Quill Award Nominee,1
The Romance Reviews (TRR) Award,1
The Romance Reviews Nominee,1
The Rooster -- The Morning News Tournament of Books (2007),1
The Rooster -- The Morning News Tournament of Books (2009),1
The Rooster -- The Morning News Tournament of Books (2010),1
The Rooster -- The Morning News Tournament of Books (2011),1
The Rooster -- The Morning News Tournament of Books (2012),1
The Rooster -- The Morning News Tournament of Books (2013),1
The Rooster -- The Morning News Tournament of Books (2015),1
The Rooster -- The Morning News Tournament of Books (2017),1
The Rooster -- The Morning News Tournament of Books (2019),1
The Rooster -- The Morning News Tournament of Books (2020),1
The Russian Booker Prize (2003),1
The Russian Booker Prize Nominee (2010),1
The Society,1
The Stella Prize Nominee,1
The Story Prize (2013),1
The Story Prize Nominee (2008),1
The Story Prize Nominee (2012),1
The Sunday Times EFG Short Story Award,1
The Wishing Shelf Book Awards,1
Theakston Old Peculier Crime Novel of the Year (2008),1
Theakston Old Peculier Crime Novel of the Year (2011),1
Theakston Old Peculier Crime Novel of the Year (2016),1
Theakston Old Peculier Crime Novel of the Year Nominee,1
Theakston Old Peculier Crime Novel of the Year Nominee (2008),1
Theakston Old Peculier Crime Novel of the Year Nominee (2009),1
Theodore Sturgeon Memorial Award,1
This is Horror Award,1
Thom Gunn Award,1
Thomas Raddall Atlantic Fiction Award (2000),1
Thurber Prize,1
Thurber Prize Nominee,1
Time Travel,1
Tomás Rivera Mexican American Children’s Book Award (2005),1
Toronto Book Award Nominee (2015),1
Townsend Prize,1
Trillium Book Award (1988),1
Trillium Book Award (1994),1
Trillium Book Award (1997),1
Trillium Book Award (2000),1
Tähtifantasia Award (2007),1
Tähtifantasia Award (2008),1
Tähtifantasia Award (2011),1
Tähtifantasia Award (2012),1
Tähtifantasia Award (2014),1
Tähtifantasia Award (2015),1
Tähtifantasia Award (2017),1
Tähtifantasia Award (2018),1
Tähtifantasia Award Nominee (2007),1
Tähtifantasia Award Nominee (2008),1
Tähtifantasia Award Nominee (2009),1
Tähtifantasia Award Nominee (2010),1
Tähtifantasia Award Nominee (2012),1
Tähtifantasia Award Nominee (2013),1
Tähtifantasia Award Nominee (2014),1
Tähtifantasia Award Nominee (2015),1
Tähtifantasia Award Nominee (2016),1
Tähtifantasia Award Nominee (2019),1
Tähtivaeltaja Award (1989),1
Tähtivaeltaja Award (1991),1
Tähtivaeltaja Award (1995),1
Tähtivaeltaja Award (2008),1
Tähtivaeltaja Award (2009),1
Tähtivaeltaja Award (2012),1
Tähtivaeltaja Award (2013),1
Tähtivaeltaja Award (2014),1
Tähtivaeltaja Award (2016),1
Tähtivaeltaja Award Nominee (2006),1
Tähtivaeltaja Award Nominee (2007),1
Tähtivaeltaja Award Nominee (2008),1
Tähtivaeltaja Award Nominee (2011),1
Tähtivaeltaja Award Nominee (2012),1
Tähtivaeltaja Award Nominee (2014),1
Tähtivaeltaja Award Nominee (2016),1
Tähtivaeltaja Award Nominee (2017),1
Tähtivaeltaja Award Nominee (2018),1
Türk Yazarlar Birliği Yılın Romanı Ödülü (2009),1
UBL Literary Award,1
UC Book of the Year (2013),1
UC Book of the Year (2015),1
UPrisen Nominee,1
USA Best Book Award,1
USA Best Book Award Nominee,1
Ulmer Unke (2005),1
Ulmer Unke (2009),1
Ulmer Unke (2010),1
Ulmer Unke (2012),1
Unabridged (1999),1
Unabridged (2000),1
Unabridged (2001),1
Urhunden Prize,1
Utah Book Award,1
Utah Book Award Nominee,1
Valtion nuorisokirjallisuuspalkinto (1971),1
Varjo-Finlandia (2008),1
Vayalar Award (1985),1
Victorian Premier's Literary Award,1
Victorian Premier's Literary Award Nominee,1
Vijverbergprijs (1966),1
Village Voice Book of the Year (1998),1
Virginia Reader's Choice,1
Vlag en Wimpel Penseeljury (1983),1
Volunteer State Book Award Nominee (2011),1
Vondel Prize,1
Voss Literary Prize Nominee,1
Voss Literary Prize Nominee (2014),1
W.A. Young Readers Book Award (WAYRA),1
W.A. Young Readers Book Award (WAYRA) (1994),1
W.H. Heinemann Award (1951),1
W.H. Heinemann Award (1952),1
W.H. Heinemann Award (1954),1
W.H. Heinemann Award (1966),1
W.H. Heinemann Award (1986),1
W.Y. Boyd Literary Award,1
WH Smith Literary Award (1960),1
WH Smith Literary Award (1967),1
WH Smith Literary Award (1970),1
WH Smith Literary Award (1994),1
WH Smith Literary Award (2001),1
WH Smith Literary Award (2003),1
WH Smith Literary Award (2004),1
WH Smith Literary Award (2005),1
WH Smith Teen Choice Award (2003),1
WORLD Children’s Book of the Year (2014),1
WORLD Children’s Book of the Year (2015),1
Walter Dean Myers Award (2019),1
Walter Dean Myers Award Nominee,1
Walter Scott Prize (2010),1
Walter Scott Prize (2013),1
Walter Scott Prize Nominee,1
Walter Scott Prize Nominee (2011),1
Walter Scott Prize Nominee (2012),1
Walter Scott Prize Nominee (2013),1
Walter Scott Prize Nominee (2014),1
Walter Scott Prize Nominee (2015),1
Warwick Prize,1
Washington State Book Award,1
Washington State Book Award (1972),1
Washington State Book Award (1977),1
Washington State Book Award (1978),1
Washington State Book Award (1981),1
Washington State Book Award (1984),1
Washington State Book Award (1992),1
Washington State Book Award (1994),1
Washington State Book Award (1995),1
Washington State Book Award (2002),1
Washington State Book Award (2004),1
Washington State Sasquatch Award (1999),1
Washington State Sasquatch Award (2010),1
Washington State Sasquatch Award (2011),1
Washington State Sasquatch Award (2013),1
Washington State Sasquatch Award Nominee (2014),1
Waterstones Book of the Year (2013),1
Waterstones Book of the Year (2014),1
Waterstones Book of the Year (2017),1
Waterstones Book of the Year Nominee (2012),1
Waterstones Book of the Year Nominee (2013),1
Waterstones Book of the Year Nominee (2014),1
Waterstones Book of the Year Nominee (2015),1
Waterstones Book of the Year Nominee (2016),1
Waterstones Book of the Year Nominee (2017),1
Waterstones Children's Book Prize,1
Waterstones Children's Book Prize (2005),1
Waterstones Children's Book Prize (2008),1
Waterstones Children's Book Prize (2009),1
Waterstones Children's Book Prize Nominee (2005),1
Waterstones Children's Book Prize Nominee (2014),1
Weatherford Award (1998),1
Wellcome Book Prize (2010),1
Wellcome Book Prize Nominee,1
Wellcome Book Prize Nominee (2015),1
Wellcome Book Prize Nominee (2016),1
Wellcome Book Prize Nominee (2017),1
West Australian Young Readers' Book Award (WAYRBA),1
Western Australian Premier's Book Award,1
Western Australian Premier's Book Award (2001),1
Whitbread Award,1
Whitbread Award Nominee,1
White Pine Award,1
White Pine Award (2006),1
White Pine Award (2009),1
White Pine Award (2013),1
White Pine Award Nominee (2011),1
White Pine Award Nominee (2013),1
Whitney Award,1
Whitney Award Nominee,1
Whitney and Scott Cardozo Award,1
Wilhelm-Hauff-Preis (1979),1
Will Eisner Comic Industry Awards,1
Will Eisner Comic Industry Awards Nominee,1
William Allen White Children's Book Award (1959),1
William Allen White Children's Book Award (1973),1
William Allen White Children's Book Award (1974),1
William Allen White Children's Book Award (1979),1
William Allen White Children's Book Award (1993),1
William Allen White Children's Book Award (1994),1
William Allen White Children's Book Award (1995),1
William Allen White Children's Book Award (1996),1
William Allen White Children's Book Award (1999),1
William Allen White Children's Book Award (2002),1
William Allen White Children's Book Award (2007),1
William Allen White Children's Book Award (2008),1
William Allen White Children's Book Award (2012),1
William Allen White Children's Book Award (2016),1
William Allen White Children's Book Award Nominee (2019),1
William C. Morris YA Debut Award (2009),1
William C. Morris YA Debut Award (2012),1
William C. Morris YA Debut Award (2013),1
William C. Morris YA Debut Award (2017),1
William C. Morris YA Debut Award (2019),1
William C. Morris YA Debut Award Nominee (2010),1
William C. Morris YA Debut Award Nominee (2012),1
William C. Morris YA Debut Award Nominee (2013),1
William C. Morris YA Debut Award Nominee (2015),1
William C. Morris YA Debut Award Nominee (2018),1
William C. Morris YA Debut Award Nominee (2019),1
William Dean Howells Medal (1930),1
William Dean Howells Medal (1970),1
William Dean Howells Medal (1980),1
William Dean Howells Medal (2000),1
William Dean Howells Medal (2010),1
William Dean Howells Medal (2020),1
William E. Col,1
William F. Sibley Memorial Subvention Award,1
William Faulkner Foundation Award (1964),1
William Hill Sports Book of the Year (1992),1
William Hill Sports Book of the Year (2000),1
William James Book Award (1999),1
William James Book Award (2003),1
William Saroyan International Prize,1
Winifred Holt,1
Wirral Children’s Paperback of the Year Award (2003),1
Wirral Paperback of the Year (2004),1
Wisconsin Library Association Literary Award (2012),1
Wolfson History Prize (1999),1
Woman & Home Reader's Choice Award,1
Women's Prize,1
World Fantasy Award,1
World Fantasy Award Nominee,1
Writer's Digest Self-Published Book Competition Nominee,1
Writers' League of Texas Book Award in Fiction (2013),1
Wyoming Indian Paintbrush Nominee (1996),1
YA Book Prize (2015),1
YA Book Prize Nominee (2015),1
YA Book Prize Nominee (2016),1
YALSA Award,1
YALSA Award Nominee,1
Yale Series of Younger Poets Competition (2004),1
Yomiuri Prize 読売文学賞,1
Young Adult Fantasy (2010),1
Young Australians' Best Book Award (YABBA) Nominee,1
Young Hoosier Book Award,1
Young Hoosier Book Award Nominee (1983),1
Young Readers' Choice Award (2008),1
Young Readers' Choice Award Nominee,1
Younger Readers (1997) (1990),1
Zilveren Griffel (1972),1
Zilveren Griffel (1973),1
Zilveren Griffel (1975),1
Zilveren Griffel (1977),1
Zilveren Griffel (1979),1
Zilveren Griffel (1981),1
Zilveren Griffel (1982),1
Zilveren Griffel (1983),1
Zilveren Griffel (1995),1
Zilveren Griffel (2000),1
Zilveren Griffel (2004),1
Zilveren Griffel (2006),1
Zilveren Griffel (2007),1
Zilveren Griffel (2008),1
Zilveren Penseel (2006),1
Zilveren Vingerafdruk (2004),1
Zilveren Zoen (2008),1
Zurich Children's Book Award (2000),1
Złota Sepulka,1
and,1
eLit Book Award,1
Βραβείο Βιβλίου Public,1
Βραβείο Λογοτεχνικής Μετάφρασης ΕΚΕΜΕΛ,1
Βραβείο Λογοτεχνικής Μετάφρασης ΕΚΕΜΕΛ Nominee,1
Κρατικό Βραβείο Λογοτεχνικής Μετάφρασης,1
Πεζογραφίας Ελληνικής Εταιρείας Χριστιανικών Γραμμάτων,1
Димитровска награда,1
Книгата,1
Найкраща книга Форуму видавців,1
Национална награда „Христо Г. Данов“,1
Премія «Сковорода» (2001),1
Премія «Сковорода» (2005),1
Премія «Сковорода» (2007),1
Премія «Сковорода» (2009),1
Премія імені Максима Рильського (1988),1
Премія імені Максима Рильського (1992),1
Премія імені Максима Рильського (1993),1
Премія імені Максима Рильського (2012),1
РосКон,1
Русская Премия,1
Сталинская премия,1
която ме вдъхновява,1
"награда ""Пловдив""",1
الجائزة الأولى - معرض كتاب المرأة العربية (1995),1
الجائزة العالمية للرواية العربية (أي باف) / International Prize,1
القائمة الطويلة لجائزة العالمية للرواية العربية للعام,1
برگزیده جشنواره قلم زرین,1
بهترین رمان سال در بیستمین دوره کتاب سال جمهوری اسلامی ایران (1380),1
جائزة أحسن كتاب في مجال الرواية - معرض القاهرة الدولي للكتاب (1994),1
جائزة الدولة التشجيعية - الكويت (2012),1
جائزة الدولة التشجيعية في الفلسفة لعام (1975),1
جائزة الدولة في أدب الرحلات (1963),1
جائزة الشيخ زايد للكتاب Nominee (0),1
جائزة نجيب محفوظ للأدب (Naguib Mahfouz Award,1
جایزه ادبی مهرگان,1
جایزه هوشنگ گلشیری (Hooshang Golshiri Award),1
جایزه ی نیوبری,1
دار المنى,1
رياض الريس,1
لاک‌پشت پرنده Nominee (2016),1
لاک‌پشت پرنده Nominee (2017),1
لوح تقدیر از نخستین دوره جایزه ادبی یلدا,1
このミステリーがすごい！,1
亞洲週刊中文十大好書 (2004),1
山本周五郎賞 Yamamoto Shūgorō Prize (1989),1
山田風太郎賞 Nominee (2013),1
日本推理作家協会賞,1
本屋大賞,1
本屋大賞 Nominee,1
