url,book_id,title,author,avg_rating,num_reviews,num_ratings,num_pages,original_publish_year,series,genres,awards,place
https://www.goodreads.com/book/show/2493.The_Time_Machine,,The Time Machine,H.G. Wells,3.89,432286,432286,118,1895.0,False,"Classics, Science Fiction, Fiction, Science Fiction, Time Travel, Fantasy, Science Fiction, Dystopia, Science Fiction Fantasy, Literature, Adventure, Novels","(0, nan)","United Kingdom, London, England, England"
https://www.goodreads.com/book/show/29579.Foundation,,Foundation,Isaac Asimov,4.17,429433,429433,244,1951.0,True,"Science Fiction, Fiction, Classics, Science Fiction Fantasy, Fantasy, Space, Space Opera, Novels, Space, Audiobook, Speculative Fiction","(0, nan)",
https://www.goodreads.com/book/show/39662.Different_Seasons,,Different Seasons,Stephen King,4.34,183589,183589,560,1982.0,False,"Horror, Fiction, Short Stories, Thriller, Mystery, Fantasy, Drama, Suspense, Classics, Anthologies","(1, 'World Fantasy Award Nominee for Best Anthology/Collection (1982)')",
https://www.goodreads.com/book/show/4929.Kafka_on_the_Shore,,Kafka on the Shore,Haruki Murakami,4.13,330338,330338,467,2002.0,False,"Fiction, Magical Realism, Fantasy, Cultural, Japan, Asian Literature, Japanese Literature, Contemporary, Novels, Literature, Literary Fiction, Cultural, Asia","(7, 'World Fantasy Award for Best Novel (2006), Los Angeles Times Book Prize Nominee for Fiction (2005), Independent Foreign Fiction Prize Nominee for Longlist (2006), PEN Translation Prize for Philip Gabriel (2006), Deutscher Jugendliteraturpreis Nominee for Preis der Jugendjury (2005), Tähtifantasia Award (2010), Βραβείο Βιβλίου Public for Μεταφρασμένο μυθιστόρημα της χρονιάς (Translator: Αργυρώ Μαντόγλου) (2016)')",Takamatsu
https://www.goodreads.com/book/show/4687.The_Cider_House_Rules,,The Cider House Rules,John Irving,4.14,165341,165341,973,1985.0,False,"Fiction, Classics, Historical, Historical Fiction, Literature, Literary Fiction, Novels, Contemporary, Literature, American, Adult Fiction, Historical","(0, nan)","Three Mile Falls, Maine, St. Cloud's, Maine, Maine"
https://www.goodreads.com/book/show/93.Heidi,,Heidi,Johanna Spyri,3.99,177489,177489,352,1880.0,True,"Classics, Fiction, Childrens, Young Adult, Historical, Historical Fiction, Childrens, Middle Grade, Historical, Childrens, Childrens Classics, Childrens, Juvenile, Literature, 19th Century","(0, nan)",Switzerland
https://www.goodreads.com/book/show/8755776-city-of-lost-souls,,City of Lost Souls,Cassandra Clare,4.25,451153,451153,546,,True,"Fantasy, Young Adult, Romance, Fantasy, Paranormal, Fantasy, Urban Fantasy, Paranormal, Vampires, Paranormal, Angels, Fiction, Fantasy, Supernatural, Fantasy, Magic","(1, 'Goodreads Choice Award Nominee for Young Adult Fantasy & Science Fiction and for Goodreads Author (2012)')","New York City, New York, Venice, Prague (Praha), Paris, Ireland"
https://www.goodreads.com/book/show/17927395-a-court-of-mist-and-fury,,A Court of Mist and Fury,Sarah J. Maas,4.61,417236,417236,626,,True,"Fairies, Fae, Young Adult, Young Adult Fantasy, Audiobook, Romance, Fantasy Romance, Paranormal, Fairies, Adult, Romance, Paranormal Romance, Fantasy, Science Fiction Fantasy, Action","(1, 'Goodreads Choice Award for Young Adult Fantasy & Science Fiction (2016) and Nominee for Best of the Best  (2018)')",
https://www.goodreads.com/book/show/37732.Are_You_There_God_It_s_Me_Margaret,,"Are You There God? It's Me, Margaret",Judy Blume,3.9,196564,196564,149,1970.0,False,"Young Adult, Fiction, Childrens, Classics, Childrens, Middle Grade, Young Adult, Coming Of Age, Realistic Fiction, Contemporary, Literature, Banned Books, Childrens, Juvenile","(4, ""Young Hoosier Book Award (1976), Nene Award (1975), North Dakota Children's Choice Award (1979), Golden Archer Award (1974)"")","New York City, New York, Farbrook, New Jersey, New Jersey"
https://www.goodreads.com/book/show/10959.Sophie_s_World,,Sophie's World,Jostein Gaarder,3.94,211656,211656,403,1991.0,False,"Philosophy, Fiction, Classics, Young Adult, Novels, Fantasy, Literature, Contemporary, Unfinished, European Literature, Scandinavian Literature","(8, ""Buxtehuder Bulle (1996), Premio Bancarella (1995), Deutscher Jugendliteraturpreis for Jugendbuch (1994), Prix des libraires du Québec for Lauréats hors Québec (1996), دار المنى, Literaturpreis der Jury der jungen Leser for Jugendbuch (1997), Premio San Clemente for Novela Estranxeira (1996), Prime Minister of Pakistan's Award for Literature"")",
https://www.goodreads.com/book/show/16902.Walden,,Walden,Henry David Thoreau,3.78,166285,166285,352,1854.0,False,"Classics, Philosophy, Nonfiction, Environment, Nature, Autobiography, Memoir, Literature, Biography, Writing, Essays, Literature, American, Environment","(0, nan)","United States of America, Concord, Massachusetts"
https://www.goodreads.com/book/show/1215032.The_Wise_Man_s_Fear,,The Wise Man's Fear,Patrick Rothfuss,4.54,452355,452355,994,,True,"Fantasy, Fiction, Fantasy, Epic Fantasy, Fantasy, High Fantasy, Fantasy, Magic, Science Fiction Fantasy, Adventure, Audiobook, Adult, Epic","(5, 'Locus Award Nominee for Best Fantasy Novel (2012), David Gemmell Legend Award for Best Fantasy Novel (2012), Tähtifantasia Award Nominee (2016), Goodreads Choice Award Nominee for Best Fantasy and for Favorite Book (2011), Prix Elbakin.net for Meilleur roman fantasy traduit (2013)')",
https://www.goodreads.com/book/show/16068905-fangirl,,Fangirl,Rainbow Rowell,4.03,613619,613619,483,,False,"Young Adult, Contemporary, Romance, Fiction, Realistic Fiction, New Adult, Audiobook, Young Adult, Coming Of Age, Womens Fiction, Chick Lit, Young Adult, Young Adult Contemporary","(5, 'Milwaukee County Teen Book Award Nominee (2015), The Inky Awards Nominee for Silver Inky (2015), Lincoln Award Nominee (2016), Goodreads Choice Award Nominee for Young Adult Fiction (2013), Premio El Templo de las Mil Puertas Nominee for Mejor novela extranjera independiente (2014)')","Lincoln, Nebraska, Omaha, Nebraska"
https://www.goodreads.com/book/show/9520360-the-son-of-neptune,,The Son of Neptune,Rick Riordan,4.42,442491,442491,513,,True,"Fantasy, Young Adult, Fantasy, Mythology, Fiction, Childrens, Middle Grade, Adventure, Childrens, Mythology, Greek Mythology, Fantasy, Urban Fantasy, Young Adult, Young Adult Fantasy","(2, ""Buckeye Children's Book Award for 6-8 (2012), Goodreads Choice Award for Middle Grade & Children's and Nominee for Favorite Book (2011)"")","Oakland, California, Alaska, Portland, Oregon, Seattle, Washington, Berkeley, California, North Vancouver, British Columbia, Anchorage, Alaska, Seward, Alaska"
https://www.goodreads.com/book/show/58345.The_Awakening,,The Awakening,Kate Chopin,3.66,175661,175661,195,1899.0,False,"Classics, Fiction, Feminism, Academic, School, Literature, Historical, Historical Fiction, Academic, Read For School, Young Adult, High School, Novels, Literature, American","(0, nan)","New Orleans, Louisiana, Grand Isle, Louisiana"
https://www.goodreads.com/book/show/6334.Never_Let_Me_Go,,Never Let Me Go,Kazuo Ishiguro,3.83,506728,506728,288,2005.0,False,"Fiction, Science Fiction, Science Fiction, Dystopia, Contemporary, Literary Fiction, Novels, Adult, Romance, Literature, European Literature, British Literature","(8, 'Booker Prize Nominee (2005), Locus Award Nominee for Best SF Novel (2006), Arthur C. Clarke Award Nominee (2006), James Tait Black Memorial Prize Nominee for Fiction (2005), ALA Alex Award (2006), National Book Critics Circle Award Nominee for Fiction (2005), Corine Internationaler Buchpreis for Belletristik (2006), International Dublin Literary Award Nominee (2007)')","Hailsham, Norfolk, England, The Cottages, Kingsfield"
https://www.goodreads.com/book/show/40937505,,زندگی مه آلود پریا,سید مرتضی مصطفوی,3.92,961,961,204,,False,Fiction,"(0, nan)",
https://www.goodreads.com/book/show/228560.Sophie_s_Choice,,Sophie's Choice,William Styron,4.18,83342,83342,562,1979.0,False,"Fiction, Classics, Historical, Historical Fiction, World War II, Holocaust, War, Historical, War, World War II, Literature, Novels, Literary Fiction","(2, 'National Book Award for Fiction (Hardcover) (1980), National Book Critics Circle Award Nominee for Fiction (1979)')","Brooklyn, New York City, New York, Flatbush, Brooklyn, New York"
https://www.goodreads.com/book/show/7260188-mockingjay,,Mockingjay,Suzanne Collins,4.05,2472460,2472460,398,,True,"Young Adult, Science Fiction, Dystopia, Fiction, Fantasy, Science Fiction, Romance, Adventure, Young Adult, Teen, Apocalyptic, Post Apocalyptic, Audiobook","(5, ""Locus Award Nominee for Best Young Adult Book (2011), Children's Choice Book Award Nominee for Teen Choice Book of the Year (2011), Andre Norton Award Nominee (2010), DABWAHA Romance Tournament for Best Young Adult Romance (2011), Goodreads Choice Award for Favorite Book and for Young Adult Fantasy (2010)"")","District 13, Panem, District 12, Panem, Capitol, Panem, Panem"
https://www.goodreads.com/book/show/9969571-ready-player-one,,Ready Player One,Ernest Cline,4.25,927436,927436,374,,True,"Science Fiction, Fiction, Young Adult, Fantasy, Science Fiction, Dystopia, Audiobook, Adventure, Science Fiction Fantasy, Adult, Science Fiction, Cyberpunk","(11, 'Locus Award Nominee for Best First Novel (2012), John W. Campbell Memorial Award Nominee (2012), Prometheus Award for Best Novel (2012), ALA Alex Award (2012), Lincoln Award Nominee (2014), Tähtivaeltaja Award Nominee (2013), Mary Shelley Award for Outstanding Fictional Work (2016), Premi Ictineu for Millor novel·la traduïda (2017), Goodreads Choice Award Nominee for Science Fiction and for Favorite Book (2011), Green Mountain Book Award Nominee (2015), Seiun Award 星雲賞 Nominee for Best Translated Novel (2015)')","Columbus, Ohio, Oklahoma City, Oklahoma"
https://www.goodreads.com/book/show/16735.The_Prince_of_Tides,,The Prince of Tides,Pat Conroy,4.23,197538,197538,679,1986.0,False,"Fiction, Classics, American, Southern, Romance, Contemporary, Literary Fiction, Literature, Drama, Novels, Adult Fiction","(0, nan)","South Carolina, New York City, New York, Atlanta, Georgia, Charleston, South Carolina"
https://www.goodreads.com/book/show/301082.Dead_Until_Dark,,Dead Until Dark,Charlaine Harris,3.96,509438,509438,292,,True,"Fantasy, Paranormal, Vampires, Fantasy, Paranormal, Romance, Fantasy, Urban Fantasy, Fiction, Mystery, Romance, Paranormal Romance, Fantasy, Supernatural, Horror","(5, 'Locus Award Nominee for Best Fantasy Novel (2002), Anthony Award for Best Paperback Original (2002), Dilys Award Nominee (2002), Agatha Award Nominee for Best Novel (2001), Compton Crook Award Nominee (2002)')","Bon Temps, Louisiana, Louisiana"
https://www.goodreads.com/book/show/9375.Fried_Green_Tomatoes_at_the_Whistle_Stop_Cafe,,Fried Green Tomatoes at the Whistle Stop Cafe,Fannie Flagg,4.28,273264,273264,416,1987.0,True,"Fiction, Historical, Historical Fiction, LGBT, Classics, Womens Fiction, Chick Lit, American, Southern, Historical, Humor, GLBT, Queer, Adult Fiction","(1, 'Alabama Author Award for Fiction (1989)')","Davenport, Iowa, Troutville, Alabama, Birmingham, Alabama, Whistle Stop, Alabama, Alabama"
https://www.goodreads.com/book/show/11857408-fifty-shades-darker,,Fifty Shades Darker,E.L. James,3.84,773727,773727,532,2011.0,True,"Romance, Adult Fiction, Erotica, Fiction, Erotica, BDSM, Adult, Contemporary, Romance, Contemporary Romance, Womens Fiction, Chick Lit, Romance, Erotic Romance, Adult Fiction","(0, nan)","Seattle, Washington"
https://www.goodreads.com/book/show/44186.The_Monster_at_the_End_of_this_Book,,The Monster at the End of this Book,Jon Stone,4.44,121621,121621,32,1971.0,False,"Childrens, Picture Books, Childrens, Fiction, Humor, Classics, Folklore, Monsters, Childrens, Storytime, Kids, Childrens, Juvenile, Fantasy","(0, nan)",
https://www.goodreads.com/book/show/33.The_Lord_of_the_Rings,,The Lord of the Rings,J.R.R. Tolkien,4.5,589547,589547,1216,1955.0,True,"Fantasy, Classics, Fiction, Adventure, Science Fiction Fantasy, Fantasy, Epic Fantasy, Literature, Young Adult, Fantasy, High Fantasy, Novels","(6, 'Hugo Award Nominee for Best All-Time Series (1966), Prometheus Hall of Fame Award (2009), International Fantasy Award for Fiction (1957), Books I Loved Best Yearly (BILBY) Awards for Older Readers (2002), Prix du Meilleur Livre Étranger for Roman (1972), Nynorsk litteraturpris (2006)')",Middle-earth
https://www.goodreads.com/book/show/14942.Mrs_Dalloway,,Mrs. Dalloway,Virginia Woolf,3.79,235083,235083,194,1925.0,False,"Classics, Fiction, Literature, Novels, European Literature, British Literature, Feminism, Literature, 20th Century, Literary Fiction, Academic, School, Literature, English Literature","(0, nan)","London, England, England, United Kingdom"
https://www.goodreads.com/book/show/12127750-the-mark-of-athena,,The Mark of Athena,Rick Riordan,4.44,467769,467769,586,,True,"Fantasy, Young Adult, Fantasy, Mythology, Fiction, Childrens, Middle Grade, Adventure, Mythology, Greek Mythology, Childrens, Fantasy, Urban Fantasy, Romance","(1, ""Goodreads Choice Award for Middle Grade & Children's (2012)"")","Oakland Hills, California, Atlanta, Georgia, Rome, Kansas, Charleston, South Carolina, Salt Lake City, Utah"
https://www.goodreads.com/book/show/19089.Middlemarch,,Middlemarch,George Eliot,3.98,139731,139731,904,1871.0,False,"Classics, Fiction, Historical, Historical Fiction, Literature, Literature, 19th Century, Historical, Victorian, European Literature, British Literature, Novels, Romance, Classics, Classic Literature","(0, nan)","Midlands, England"
https://www.goodreads.com/book/show/37781.Things_Fall_Apart,,Things Fall Apart,Chinua Achebe,3.7,302963,302963,209,1958.0,True,"Fiction, Classics, Historical, Historical Fiction, Cultural, Africa, Academic, School, Literature, Novels, Literature, African Literature, Academic, Read For School, Western Africa, Nigeria","(0, nan)","Africa, Nigeria"
https://www.goodreads.com/book/show/227443.Bridget_Jones_s_Diary,,Bridget Jones's Diary,Helen Fielding,3.78,899284,899284,288,1996.0,True,"Fiction, Womens Fiction, Chick Lit, Romance, Humor, Contemporary, Adult, Humor, Comedy, Adult Fiction, European Literature, British Literature, Romance, Contemporary Romance","(2, 'Audie Award for Solo Narration - Female (2000), British Book of the Year (1998)')","London, England, Edinburgh, Scotland"
https://www.goodreads.com/book/show/7235533-the-way-of-kings,,The Way of Kings,Brandon Sanderson,4.61,334275,334275,1007,,True,"Fantasy, Fiction, Fantasy, Epic Fantasy, Fantasy, High Fantasy, Audiobook, Adult, Science Fiction Fantasy, Epic, Fantasy, Magic, Adventure","(4, 'Locus Award Nominee for Best Fantasy Novel (2011), David Gemmell Legend Award for Best Fantasy Novel (2011), Whitney Award for Best Novel (2010), Goodreads Choice Award Nominee for Fantasy and for Favorite Book and for Goodreads Author (2010)')",Roshar
https://www.goodreads.com/book/show/5113.Franny_and_Zooey,,Franny and Zooey,J.D. Salinger,3.97,190662,190662,201,1955.0,False,"Fiction, Classics, Short Stories, Literature, Literature, American, Novels, Literature, 20th Century, Literary Fiction, Adult Fiction, Adult","(1, 'National Book Award Finalist for Fiction (1962)')",
https://www.goodreads.com/book/show/9275658-legend,,Legend,Marie Lu,4.16,435043,435043,305,,True,"Young Adult, Science Fiction, Dystopia, Science Fiction, Romance, Fantasy, Fiction, Adventure, Young Adult, Teen, Audiobook, Action","(8, ""Rhode Island Teen Book Award Nominee (2013), Milwaukee County Teen Book Award Nominee (2013), The Inky Awards Nominee for Silver Inky (2012), California Young Readers Medal Nominee for Young Adult (2015), Lincoln Award Nominee (2014), Missouri Truman Readers Award (2014), Goodreads Choice Award Nominee for Young Adult Fantasy & Science Fiction and for Goodreads Author (2012), Rebecca Caudill Young Readers' Book Award (2015)"")","Los Angeles, The Republic of America"
https://www.goodreads.com/book/show/65605.The_Magician_s_Nephew,,The Magician's Nephew,C.S. Lewis,4.04,435470,435470,221,1955.0,True,"Fantasy, Classics, Fiction, Young Adult, Childrens, Adventure, Christian, Childrens, Middle Grade, Christian Fiction, Fantasy, Magic","(0, nan)",Narnia
https://www.goodreads.com/book/show/122.The_Power_of_One,,The Power of One,Bryce Courtenay,4.32,82163,82163,544,1989.0,True,"Fiction, Historical, Historical Fiction, Cultural, Africa, Classics, Southern Africa, South Africa, Young Adult, Coming Of Age, Historical, Young Adult, Novels, Book Club","(1, ""West Australian Young Readers' Book Award (WAYRBA) for Older Readers (1996)"")",South Africa
https://www.goodreads.com/book/show/16793.Stardust,,Stardust,Neil Gaiman,4.08,376670,376670,248,1998.0,False,"Fantasy, Fiction, Romance, Young Adult, Adventure, Science Fiction Fantasy, Fantasy, Magic, Audiobook, Fantasy, Fairy Tales, Adult","(4, 'Locus Award Nominee for Best Fantasy Novel (1999), Geffen Award (2000), Mythopoeic Fantasy Award for Adult Literature (1999), ALA Alex Award (2000)')","Europe, England"
https://www.goodreads.com/book/show/15745753-eleanor-park,,Eleanor & Park,Rainbow Rowell,4.03,915056,915056,328,2012.0,False,"Young Adult, Romance, Contemporary, Fiction, Realistic Fiction, Audiobook, Young Adult, Teen, Young Adult, Coming Of Age, Young Adult, Young Adult Contemporary, Young Adult, High School","(21, ""Georgia Peach Book Award (2014), All About Romance (AAR) Annual Reader Poll for Best Young Adult Romance (2014), Odyssey Award Nominee (2014), Michael L. Printz Award Nominee (2014), Pennsylvania Young Readers' Choice Award for Young Adults (2015), Rhode Island Teen Book Award (2015), Milwaukee County Teen Book Award (2014), Michigan Library Association Thumbs Up! Award (2014), Deutscher Jugendliteraturpreis Nominee for Jugendbuch (2016), Amelia Elizabeth Walden Award (2014), Boston Globe-Horn Book Award for Fiction (2013), Dioraphte Jongerenliteratuurprijs for vertaald boek (2015), California Young Readers Medal Nominee for Young Adult (2016), Lincoln Award (2015), DABWAHA Romance Tournament Nominee for Best Young Adult Romance (2014), North Carolina Young Adult Book Award for High School (2016), Goodreads Choice Award for Young Adult Fiction (2013) and Nominee for Best of the Best  (2018), Green Mountain Book Award Nominee (2015), The Magnolia Award for 9-12 (2015), Missouri Gateway Readers Award Nominee (2016), Premio El Templo de las Mil Puertas Nominee for Mejor novela extranjera independiente (2013)"")","Omaha, Nebraska"
https://www.goodreads.com/book/show/17347634-me-before-you,,Me Before You,Jojo Moyes,4.26,1229160,1229160,369,2012.0,True,"Romance, Fiction, Contemporary, Womens Fiction, Chick Lit, Adult, Adult Fiction, Audiobook, Romance, Contemporary Romance, Drama, Realistic Fiction","(1, 'Goodreads Choice Award Nominee for Fiction (2013)')",England
https://www.goodreads.com/book/show/23437156-six-of-crows,,Six of Crows,Leigh Bardugo,4.44,399321,399321,465,,True,"Fantasy, Young Adult, Fiction, Young Adult, Young Adult Fantasy, Adventure, Fantasy, Magic, LGBT, Romance, Fantasy, High Fantasy, Audiobook","(9, ""Pennsylvania Young Readers' Choice Award Nominee for Young Adults (2017), Rhode Island Teen Book Award Nominee (2018), Evergreen Teen Book Award Nominee (2018), Milwaukee County Teen Book Award Nominee (2017), Lincoln Award (2018), Goodreads Choice Award Nominee for Young Adult Fantasy & Science Fiction (2015), Missouri Gateway Readers Award Nominee (2017), Premio El Templo de las Mil Puertas for Mejor novela extranjera perteneciente a saga (2016), Hea Noorteraamat (2017)"")",Ketterdam
https://www.goodreads.com/book/show/32542.A_Time_to_Kill,,A Time to Kill,John Grisham,4.08,730099,730099,515,1989.0,True,"Fiction, Mystery, Thriller, Mystery, Crime, Suspense, Thriller, Legal Thriller, Thriller, Mystery Thriller, Drama, Novels, Adult Fiction","(0, nan)","Clanton, Ford County, Mississippi"
https://www.goodreads.com/book/show/36402034-do-androids-dream-of-electric-sheep,,Do Androids Dream of Electric Sheep?,Philip K. Dick,4.08,368528,368528,258,1968.0,True,"Science Fiction, Fiction, Classics, Science Fiction, Dystopia, Science Fiction, Cyberpunk, Science Fiction Fantasy, Fantasy, Novels, Speculative Fiction, Literature, American","(1, 'Nebula Award Nominee for Best Novel (1968)')","San Francisco, California, California, United States of America"
https://www.goodreads.com/book/show/43615.The_Gunslinger,,The Gunslinger,Stephen King,3.94,533744,533744,231,1982.0,True,"Fantasy, Fiction, Horror, Science Fiction, Westerns, Adventure, Audiobook, Science Fiction Fantasy, Thriller, Apocalyptic, Post Apocalyptic","(0, nan)",
https://www.goodreads.com/book/show/21.A_Short_History_of_Nearly_Everything,,A Short History of Nearly Everything,Bill Bryson,4.19,319273,319273,544,2003.0,False,"Nonfiction, Science, History, Audiobook, Humor, Science, Popular Science, Science, Physics, Historical, Philosophy, Unfinished","(3, 'Samuel Johnson Prize for Non-Fiction Nominee (2004), EU Descartes Prize for science communication (2005), J. A. Hollon palkinto (2006)')",
https://www.goodreads.com/book/show/47281.Number_the_Stars,,Number the Stars,Lois Lowry,4.15,471704,471704,137,1989.0,False,"Historical, Historical Fiction, Young Adult, Fiction, Classics, Childrens, Historical, Childrens, Middle Grade, World War II, Holocaust, Academic, School, War, World War II","(8, ""Newbery Medal (1990), National Jewish Book Award for Children's Literature (1990), Sydney Taylor Book Award for Older Readers (1989), Jane Addams Children's Book Award Nominee (1990), Charlotte Award (1992), Dorothy Canfield Fisher Children's Book Award (1991), Charlie May Simon Children's Book Award (1992), Rebecca Caudill Young Readers' Book Award (1992)"")",Denmark
https://www.goodreads.com/book/show/3153910-the-art-of-racing-in-the-rain,,The Art of Racing in the Rain,Garth Stein,4.21,464332,464332,321,,False,"Fiction, Animals, Contemporary, Animals, Dogs, Audiobook, Adult Fiction, Adult, Book Club, Novels, Family","(0, nan)","Seattle, Washington"
https://www.goodreads.com/book/show/11387515-wonder,,Wonder,R.J. Palacio,4.42,798258,798258,315,,True,"Young Adult, Fiction, Childrens, Middle Grade, Contemporary, Realistic Fiction, Childrens, Academic, School, Family, Young Adult, Coming Of Age, Childrens, Juvenile","(24, ""Josette Frank Award (2013), Texas Bluebonnet Award Nominee (2013), West Australian Young Readers' Book Award (WAYRBA) for Younger Readers (2013), South Carolina Book Award for Children's Book (2014), Dorothy Canfield Fisher Children's Book Award (2014), Charlie May Simon Children's Book Award (2015), Deutscher Jugendliteraturpreis for Preis der Jugendjury (2014), New Mexico Land of Enchantment Award for Children (2014), California Young Readers Medal for Intermediate (2015), James Cook Book Award Nominee (2013), Judy Lopez Memorial Award for Children's Literature (2013), Louisiana Young Readers' Choice for Grades 3-5 (2015), NAIBA Book of the Year for Middle Readers (2012), Waterstones Children's Book Prize for 5-12 years (2013), Washington State Sasquatch Award Nominee (2015), Bluestem Book Award (2014), Goodreads Choice Award Nominee for Middle Grade & Children's (2012), Carnegie Medal Nominee (2013), North Carolina Children's Book Award (2014), Premio El Templo de las Mil Puertas Nominee for Mejor novela extranjera independiente (2012), Rhode Island Children’s Book Award (2014), FAB Award Nominee (2014), Rebecca Caudill Young Readers' Book Award (2014), Hea Lasteraamat (2014)"")","Upper Manhattan, New York, New York City, New York, United States of America, New York State"
https://www.goodreads.com/book/show/18710190-allegiant,,Allegiant,Veronica Roth,3.62,869583,869583,526,,True,"Young Adult, Science Fiction, Dystopia, Fiction, Fantasy, Science Fiction, Romance, Adventure, Young Adult, Teen, Apocalyptic, Post Apocalyptic, Audiobook","(1, 'Goodreads Choice Award for Best Young Adult Fantasy & Science Fiction (2013)')","Chicago, Illinois"
https://www.goodreads.com/book/show/3685.Black_Beauty,,Black Beauty,Anna Sewell,3.96,247804,247804,245,1877.0,False,"Classics, Fiction, Childrens, Animals, Young Adult, Animals, Horses, Historical, Historical Fiction, Childrens, Middle Grade, Adventure, Literature","(0, nan)","London, England, England"
https://www.goodreads.com/book/show/5805.V_for_Vendetta,,V for Vendetta,Alan Moore,4.25,275197,275197,296,1990.0,True,"Sequential Art, Graphic Novels, Sequential Art, Comics, Fiction, Science Fiction, Dystopia, Science Fiction, Graphic Novels Comics, Comics, Comic Book, Classics, Politics, Fantasy","(2, 'Prometheus Hall of Fame Award (2006), Harvey Awards Nominee for Best Continuing or Limited Series & Best Writer (for Alan Moore) (1989)')",United Kingdom
https://www.goodreads.com/book/show/7733.Gulliver_s_Travels,,Gulliver's Travels,Jonathan Swift,3.58,239871,239871,306,1726.0,False,"Classics, Fiction, Fantasy, Adventure, Literature, Novels, Classics, Classic Literature, Literature, 18th Century, Academic, School, European Literature, British Literature","(0, nan)","Lilliput, Brobdingnag"
https://www.goodreads.com/book/show/4374400-if-i-stay,,If I Stay,Gayle Forman,3.94,738654,738654,201,,True,"Young Adult, Romance, Contemporary, Fiction, Realistic Fiction, Young Adult, Teen, Music, Death, Audiobook, Drama","(13, ""Georgia Peach Book Award Nominee for Honor book (2010), South Carolina Book Award Nominee for Young Adult Book Award (2011), Blue Hen Book Award for Teen Readers (2011), Pennsylvania Young Readers' Choice Award Nominee (2011), Milwaukee County Teen Book Award Nominee (2010), Florida Teens Read Nominee (2010), The Inky Awards Nominee for Silver Inky (2009), California Young Readers Medal Nominee for Young Adult (2012), Lincoln Award Nominee (2012), NAIBA Book of the Year for Children's Literature (2009), Goodreads Choice Award Nominee for Young Adult Fiction (2009), Carnegie Medal Nominee (2010), Missouri Gateway Readers Award Nominee (2012)"")","United States of America, Oregon"
https://www.goodreads.com/book/show/8921.The_Hound_of_the_Baskervilles,,The Hound of the Baskervilles,Arthur Conan Doyle,4.12,270316,270316,256,1901.0,True,"Classics, Mystery, Fiction, Mystery, Crime, Mystery, Detective, Thriller, Mystery Thriller, Thriller, Literature, European Literature, British Literature, Audiobook","(2, 'Audie Award for Best Audio Drama (2015), CWA Best Ever Nominee for Crime Novel (2013)')","United Kingdom, Devon, England, London, England"
https://www.goodreads.com/book/show/7588.A_Portrait_of_the_Artist_as_a_Young_Man,,A Portrait of the Artist as a Young Man,James Joyce,3.62,131922,131922,329,1916.0,False,"Classics, Fiction, Literature, European Literature, Irish Literature, Cultural, Ireland, Novels, Literature, 20th Century, Literary Fiction, Academic, School, Classics, Classic Literature","(0, nan)","Clongowes Wood College, Kildare, Ireland"
https://www.goodreads.com/book/show/6327.The_Witches,,The Witches,Roald Dahl,4.15,336902,336902,208,1983.0,False,"Fantasy, Childrens, Fiction, Classics, Young Adult, Childrens, Middle Grade, Paranormal, Witches, Humor, Fantasy, Magic, Childrens, Juvenile","(3, ""Whitbread Award for Children's Novel (1983), Books I Loved Best Yearly (BILBY) Awards for Read Alone (1993), West Australian Young Readers' Book Award (WAYRBA) for Younger Readers (1986)"")","Norway, Bournemouth, England"
https://www.goodreads.com/book/show/2213661.The_Graveyard_Book,,The Graveyard Book,Neil Gaiman,4.13,460728,460728,307,,False,"Fantasy, Young Adult, Fiction, Horror, Childrens, Middle Grade, Childrens, Fantasy, Paranormal, Audiobook, Paranormal, Ghosts, Fantasy, Supernatural","(16, ""Hugo Award for Best Novel (2009), Newbery Medal (2009), Locus Award for Best Young Adult Novel (2009), World Fantasy Award Nominee for Best Novel (2009), Mythopoeic Fantasy Award Nominee for Children's Literature (2009), Audie Award for Audiobook of the Year (2009), Dorothy Canfield Fisher Children's Book Award Nominee (2010), Michigan Library Association Thumbs Up! Award Nominee (2009), Indies Choice Book Award for Best Indie Young Adult Buzz Book (Fiction): (2009), Amelia Elizabeth Walden Award Nominee (2009), British Fantasy Award Nominee for Best Novel (2009), CYBILS Award for Middle Grade Fantasy & Science Fiction (2008), Carnegie Medal (2010), Elizabeth Burr / Worzalla Award (2009), Premio El Templo de las Mil Puertas for Mejor novela extranjera independiente (2009), Rebecca Caudill Young Readers' Book Award Nominee (2013)"")","England, United Kingdom, Old Town"
https://www.goodreads.com/book/show/5826.Bel_Canto,,Bel Canto,Ann Patchett,3.93,248864,248864,318,2001.0,False,"Fiction, Contemporary, Literary Fiction, Book Club, Novels, Music, Adult Fiction, Literature, Adult, Historical, Historical Fiction","(5, 'Orange Prize for Fiction (2002), Book Sense Book of the Year Award for Paperback (2003), PEN/Faulkner Award for Fiction (2002), National Book Critics Circle Award Nominee for Fiction (2001), International Dublin Literary Award Nominee for Shortlist (2003)')",
https://www.goodreads.com/book/show/28676.American_Psycho,,American Psycho,Bret Easton Ellis,3.82,252902,252902,399,,False,"Fiction, Horror, Classics, Thriller, Mystery, Crime, Contemporary, Mystery, Novels, Literature, Literature, American","(0, nan)","New York City, New York, Wall Street, New York City, New York, Manhattan, New York City, New York"
https://www.goodreads.com/book/show/310259.Love_You_Forever,,Love You Forever,Robert Munsch,4.35,210807,210807,32,1986.0,False,"Childrens, Picture Books, Childrens, Fiction, Classics, Family, Love, Kids, Realistic Fiction, Cultural, Canada, Childrens, Juvenile","(0, nan)",
https://www.goodreads.com/book/show/14905.The_Complete_Novels,,The Complete Novels,Jane Austen,4.56,30440,30440,1344,1813.0,False,"Classics, Fiction, Romance, Historical, Historical Fiction, Literature, Historical, Classics, Classic Literature, European Literature, British Literature, Historical, Regency, Novels","(0, nan)",
https://www.goodreads.com/book/show/68428.Mistborn,,Mistborn: The Final Empire,Brandon Sanderson,4.44,437254,437254,541,2006.0,True,"Fantasy, Fiction, Fantasy, High Fantasy, Fantasy, Epic Fantasy, Adult, Fantasy, Magic, Young Adult, Science Fiction Fantasy, Audiobook, Adventure","(2, 'Tähtifantasia Award Nominee (2018), Prix Elbakin.net for Meilleur roman fantasy traduit (2010)')",Luthadel
https://www.goodreads.com/book/show/43035.White_Fang,,White Fang,Jack London,3.99,161099,161099,252,1906.0,False,"Classics, Fiction, Adventure, Animals, Young Adult, Historical, Historical Fiction, Literature, Childrens, Novels, Literature, American","(0, nan)","Canada, Yukon (aka Yukon Territory)"
https://www.goodreads.com/book/show/13536860-fifty-shades-freed,,Fifty Shades Freed,E.L. James,3.85,739860,739860,579,,True,"Romance, Adult Fiction, Erotica, Fiction, Erotica, BDSM, Adult, Contemporary, Romance, Contemporary Romance, Womens Fiction, Chick Lit, Romance, Erotic Romance, Adult Fiction","(1, 'Goodreads Choice Award for Romance and Nominee for Goodreads Author (2012)')","Seattle, Washington"
https://www.goodreads.com/book/show/646462._,,القرآن الكريم,Anonymous,4.35,59043,59043,604,,False,"Religion, Religion, Islam, Nonfiction, Classics, Philosophy, Reference, Spirituality, History, Religion, Theology, Fantasy, Mythology","(0, nan)",Mekka and Madina
https://www.goodreads.com/book/show/52357.Beowulf,,Beowulf,Unknown,3.46,251438,251438,245,,False,"Classics, Poetry, Fiction, Fantasy, Academic, School, Fantasy, Mythology, Literature, Academic, Read For School, Historical, Medieval, Epic","(0, nan)","Denmark, Geatland, Blank "
https://www.goodreads.com/book/show/10920.Cold_Mountain,,Cold Mountain,Charles Frazier,3.87,226269,226269,449,1997.0,False,"Historical, Historical Fiction, Fiction, Historical, Romance, Military History, Civil War, War, Classics, Literature, Novels, Literary Fiction","(9, 'National Book Award for Fiction (1997), American Booksellers Book Of The Year  Award for Adult Trade (1998), Exclusive Books Boeke Prize (1998), Sue Kaufman Prize for First Fiction (1998), Chicago Tribune Heartland Prize for Fiction (1997), National Book Critics Circle Award Nominee for Fiction (1997), Weatherford Award (1997), Lillian Smith Book Award (1997), Thomas Wolfe Memorial Literary Award (1997)')","United States of America, North Carolina, Virginia"
https://www.goodreads.com/book/show/16631.Steppenwolf,,Steppenwolf,Hermann Hesse,4.13,143233,143233,256,1927.0,False,"Fiction, Classics, Philosophy, European Literature, German Literature, Literature, Novels, Cultural, Germany, Literature, 20th Century, Literary Fiction, Psychology","(0, nan)",
https://www.goodreads.com/book/show/6304335-beautiful-creatures,,Beautiful Creatures,Kami Garcia,3.76,559190,559190,563,,True,"Young Adult, Fantasy, Fantasy, Paranormal, Romance, Fiction, Fantasy, Magic, Fantasy, Supernatural, Paranormal, Witches, Romance, Paranormal Romance, Fantasy, Urban Fantasy","(5, 'Georgia Peach Book Award Nominee for Honor book (2011), William C. Morris YA Debut Award Nominee (2010), Audie Award for Paranormal (2011), California Young Readers Medal Nominee for Young Adult (2013), Goodreads Choice Award Nominee for Young Adult Fiction (2009)')","Gatlin, South Carolina, South Carolina"
https://www.goodreads.com/book/show/84981.Tuck_Everlasting,,Tuck Everlasting,Natalie Babbitt,3.87,245167,245167,148,1975.0,False,"Fantasy, Young Adult, Classics, Fiction, Childrens, Childrens, Middle Grade, Academic, School, Historical, Historical Fiction, Romance, Academic, Read For School","(6, ""Lewis Carroll Shelf Award (1978), Young Hoosier Book Award Nominee (1976), Dorothy Canfield Fisher Children's Book Award Nominee (1977), Children's Choice Book Award, Phoenix Award (Children's Literature Association) (1995), Bluestem Book Award Nominee (2017)"")",
https://www.goodreads.com/book/show/45978.Eldest,,Eldest,Christopher Paolini,3.99,376090,376090,704,2005.0,True,"Fantasy, Young Adult, Fiction, Fantasy, Dragons, Adventure, Fantasy, Magic, Fantasy, High Fantasy, Fantasy, Epic Fantasy, Science Fiction Fantasy, Young Adult, Young Adult Fantasy","(4, ""West Australian Young Readers' Book Award (WAYRBA) for Older Readers (2006), Colorado Blue Spruce Young Adult Book Award (2007), Teen Buckeye Book Award (2007), Soaring Eagle Book Award (2006)"")",Alagaësia
https://www.goodreads.com/book/show/42899.Dark_Lover,,Dark Lover,J.R. Ward,4.17,302042,302042,393,2005.0,True,"Romance, Fantasy, Paranormal, Paranormal, Vampires, Romance, Paranormal Romance, Fantasy, Fantasy, Urban Fantasy, Adult, Fiction, Fantasy, Supernatural, Adult Fiction, Erotica","(5, ""All About Romance (AAR) Annual Reader Poll for Best Alt Reality/Paranormal (2006), RITA Award by Romance Writers of America Nominee for Paranormal Romance (2006), Romantic Times Reviewers' Choice Award (RT Award) Nominee for Vampire Romance (2005), HOLT Medallion by Virginia Romance Writers Nominee for Paranormal/Time Travel/Futuristic/Fantasy (2006), DABWAHA Romance Tournament for Best Paranormal: Vampires, Werewolves, and the Supernatural (2006)"")","Caldwell, New York, New York State"
https://www.goodreads.com/book/show/46799.Go_Ask_Alice,,Go Ask Alice,Beatrice Sparks,3.76,242485,242485,213,1971.0,False,"Young Adult, Fiction, Classics, Contemporary, Realistic Fiction, Young Adult, Teen, Health, Mental Health, Literature, Banned Books, Young Adult, Coming Of Age, Psychology","(0, nan)",United States of America
https://www.goodreads.com/book/show/228665.The_Eye_of_the_World,,The Eye of the World,Robert Jordan,4.17,412033,412033,814,1990.0,True,"Fantasy, Fiction, Fantasy, Epic Fantasy, Fantasy, High Fantasy, Science Fiction Fantasy, Adventure, Adult, Audiobook, Fantasy, Magic, Epic","(1, 'Locus Award Nominee for Best Fantasy Book (1991)')","Emond's Field, Caemlyn, The Blight"
https://www.goodreads.com/book/show/5148.A_Separate_Peace,,A Separate Peace,John Knowles,3.58,195017,195017,208,1959.0,False,"Classics, Fiction, Young Adult, Historical, Historical Fiction, Academic, School, Young Adult, Coming Of Age, Literature, Young Adult, High School, Academic, Read For School, Novels","(3, 'Rosenthal Family Foundation Award (1961), William Faulkner Foundation Award (1961), National Book Award Finalist for Fiction (1961)')",New Hampshire
https://www.goodreads.com/book/show/391729.The_Tell_Tale_Heart_and_Other_Writings,,The Tell-Tale Heart and Other Writings,Edgar Allan Poe,4.18,225942,225942,448,1843.0,False,"Classics, Horror, Fiction, Short Stories, Poetry, Literature, Mystery, Gothic, Academic, School, Fantasy","(0, nan)",
https://www.goodreads.com/book/show/15195.The_Complete_Maus,,The Complete Maus,Art Spiegelman,4.54,150307,150307,296,1994.0,True,"Sequential Art, Graphic Novels, Sequential Art, Comics, Nonfiction, History, Biography, Autobiography, Memoir, War, Historical, World War II, Holocaust, Graphic Novels Comics","(2, 'Pulitzer Prize for Special Citation (1992), American Book Award (1992)')","Sosnowiec, Auschwitz"
https://www.goodreads.com/book/show/77013.As_I_Lay_Dying,,As I Lay Dying,William Faulkner,3.72,141146,141146,288,1930.0,False,"Classics, Fiction, Literature, Novels, Literature, American, Academic, School, Gothic, Southern Gothic, Literary Fiction, American, Southern, Literature, 20th Century","(0, nan)","Mississippi, United States of America, Yoknapatawpha County, Mississippi"
https://www.goodreads.com/book/show/4406.East_of_Eden,,East of Eden,John Steinbeck,4.38,444168,444168,601,1952.0,False,"Classics, Fiction, Historical, Historical Fiction, Literature, Novels, Literature, American, Literary Fiction, Historical, Classics, Classic Literature, Literature, 20th Century","(2, 'Audie Award for Classic (2004), National Book Award Finalist for Fiction (1953)')",California
https://www.goodreads.com/book/show/18007564-the-martian,,The Martian,Andy Weir,4.4,863136,863136,384,2012.0,True,"Science Fiction, Fiction, Audiobook, Adventure, Adult, Space, Science Fiction Fantasy, Thriller, Humor, Adventure, Survival","(10, 'Kurd-Laßwitz-Preis for Bestes ausländisches Werk (2015), John W. Campbell Memorial Award Nominee for Best Science Fiction Novel (2015), ITW Thriller Award Nominee for Best First Novel (2015), Audie Award for Science Fiction (2015), ALA Alex Award (2015), Premio Ignotus for Mejor novela extranjera (Best Foreign Novel) (2015), 本屋大賞 Nominee for Translated Fiction (2015), Goodreads Choice Award for Science Fiction & Nominee for Debut Goodreads Author (2014) and Nominee for Best of the Best  (2018), Green Mountain Book Award Nominee (2016), Seiun Award 星雲賞 for Best Foreign Novel (2015)')","Mars, Houston, Texas"
https://www.goodreads.com/book/show/3985.The_Amazing_Adventures_of_Kavalier_Clay,,The Amazing Adventures of Kavalier & Clay,Michael Chabon,4.18,187451,187451,639,2000.0,False,"Fiction, Historical, Historical Fiction, Novels, Literature, Historical, Literary Fiction, Contemporary, Sequential Art, Comics, Literature, Jewish, New York","(7, 'Pulitzer Prize for Fiction (2001), PEN/Faulkner Award for Fiction Nominee (2001), Gaylactic Spectrum Award Nominee for Best Novel (2001), California Book Award for Fiction (Gold) (2000), Los Angeles Times Book Prize Nominee for Fiction (2000), New York City Book Award for Fiction (2000), National Book Critics Circle Award Nominee for Fiction (2000)')","Brooklyn, New York City, New York, Prague (Praha), New York State, New York City, New York, Flatbush, Brooklyn, New York"
https://www.goodreads.com/book/show/45032.Mansfield_Park,,Mansfield Park,Jane Austen,3.86,294673,294673,488,1814.0,False,"Classics, Fiction, Romance, Historical, Historical Fiction, Literature, Literature, 19th Century, Historical, European Literature, British Literature, Classics, Classic Literature, Audiobook","(0, nan)","United Kingdom, Northamptonshire, England"
https://www.goodreads.com/book/show/2248573.Brisingr,,Brisingr,Christopher Paolini,4.05,318627,318627,748,,True,"Fantasy, Young Adult, Fiction, Fantasy, Dragons, Adventure, Fantasy, Magic, Fantasy, High Fantasy, Fantasy, Epic Fantasy, Science Fiction Fantasy, Young Adult, Young Adult Fantasy","(0, nan)",Alagaësia
https://www.goodreads.com/book/show/12578077-obsidian,,Obsidian,Jennifer L. Armentrout,4.16,243274,243274,335,2011.0,True,"Young Adult, Fantasy, Paranormal, Fantasy, Romance, Science Fiction, Aliens, Science Fiction, Romance, Paranormal Romance, Fantasy, Supernatural, Fantasy, Urban Fantasy, Fiction","(0, nan)",West Virginia
https://www.goodreads.com/book/show/60748.A_Child_Called_It_,,"A Child Called ""It""",Dave Pelzer,4.11,389617,389617,184,1995.0,True,"Nonfiction, Autobiography, Memoir, Biography, Psychology, Biography, Autobiography, Sociology, Abuse, Biography Memoir, Adult, Crime, True Crime, True Story","(3, ""West Australian Young Readers' Book Award (WAYRBA) for Older Readers (2005), Soaring Eagle Book Award (2000), Lincoln Award (2005)"")",
https://www.goodreads.com/book/show/67896.Tao_Te_Ching,,Tao Te Ching,Lao Tzu,4.27,125826,125826,160,-600.0,False,"Philosophy, Nonfiction, Religion, Classics, Spirituality, Poetry, Cultural, China, Religion, Taoism, Self Help, Philosophy, Eastern Philosophy","(0, nan)",
https://www.goodreads.com/book/show/49628.Cloud_Atlas,,Cloud Atlas,David Mitchell,4.0,226407,226407,509,2004.0,False,"Fiction, Science Fiction, Fantasy, Historical, Historical Fiction, Science Fiction, Dystopia, Contemporary, Novels, Literary Fiction, Literature, Historical","(10, 'Booker Prize Nominee (2004), Nebula Award Nominee for Best Novel (2004), Locus Award Nominee for Best SF Novel (2005), Arthur C. Clarke Award Nominee (2005), James Tait Black Memorial Prize Nominee for Fiction (2004), British Book Award for Best Read of the Year (2005), National Book Critics Circle Award Nominee for Fiction (2004), Geoffrey Faber Memorial Prize (2005), Tähtivaeltaja Award Nominee (2009), The Rooster -- The Morning News Tournament of Books (2005)')","Chatham Islands, Neerbeke, West Vlaanderen, Buenas Yerbas, London, England, Seoul, South Korea, Maui, Hawaii"
https://www.goodreads.com/book/show/10429045-shatter-me,,Shatter Me,Tahereh Mafi,3.94,317071,317071,338,,True,"Young Adult, Science Fiction, Dystopia, Fantasy, Romance, Science Fiction, Fantasy, Paranormal, Fiction, Young Adult, Young Adult Fantasy, Fantasy, Supernatural, Audiobook","(1, ""Arab American Book Award Nominee for Children's/Young Adult (2013)"")",
https://www.goodreads.com/book/show/22232.Stargirl,,Stargirl,Jerry Spinelli,3.76,306129,306129,186,2001.0,True,"Young Adult, Fiction, Contemporary, Realistic Fiction, Romance, Childrens, Middle Grade, Childrens, Young Adult, Teen, Academic, School, Young Adult, Coming Of Age","(8, ""Book Sense Book of the Year Award Nominee for Children's Literature (2001), South Carolina Book Award Nominee for Young Adult Book Award (2003), Grand Canyon Reader Award for Teen Book (2003), Charlotte Award (2004), Dorothy Canfield Fisher Children's Book Award Nominee (2002), Michigan Library Association Thumbs Up! Award Nominee (2001), Iowa Teen Award (2003), Lincoln Award Nominee (2006)"")","United States of America, Arizona"
https://www.goodreads.com/book/show/5526.Dear_John,,Dear John,Nicholas Sparks,4.03,553415,553415,276,2006.0,False,"Romance, Fiction, Womens Fiction, Chick Lit, Contemporary, Adult, Adult Fiction, Young Adult, Love, Romance, Contemporary Romance, Drama","(0, nan)","Wilmington, North Carolina, North Carolina"
https://www.goodreads.com/book/show/76778.The_Martian_Chronicles,,The Martian Chronicles,Ray Bradbury,4.15,219389,219389,182,1950.0,False,"Science Fiction, Fiction, Classics, Short Stories, Fantasy, Science Fiction Fantasy, Literature, American, Audiobook, Literature, Space","(1, 'Analog Award Nominee for All-Time Best Book (1952)')",Mars
https://www.goodreads.com/book/show/11590._Salem_s_Lot,,'Salem's Lot,Stephen King,4.03,350250,350250,483,1975.0,False,"Horror, Fiction, Paranormal, Vampires, Fantasy, Thriller, Fantasy, Paranormal, Fantasy, Supernatural, Audiobook, Adult, Mystery","(1, 'World Fantasy Award Nominee for Best Novel (1976)')","Jerusalem's Lot, Maine, Maine"
https://www.goodreads.com/book/show/11713.The_English_Patient,,The English Patient,Michael Ondaatje,3.87,116961,116961,320,1992.0,False,"Fiction, Historical, Historical Fiction, Classics, Romance, Historical, War, Cultural, Canada, Literature, Literary Fiction, Novels","(5, ""Booker Prize (1992), Governor General's Literary Awards / Prix littéraires du Gouverneur général for Fiction (1992), Commonwealth Writers' Prize for Best Book in Caribbean and Canada (1993), Trillium Book Award (1993), Golden Man Booker Prize (2018)"")","Italy, North Africa, Sahara Desert, Tuscany, Fiesole, Tuscany, Cairo, Florence"
https://www.goodreads.com/book/show/14836.Midnight_s_Children,,Midnight's Children,Salman Rushdie,3.98,107578,107578,647,1981.0,False,"Fiction, Cultural, India, Magical Realism, Classics, Historical, Historical Fiction, Fantasy, Literature, Novels, Literary Fiction, Asian Literature, Indian Literature","(5, 'Booker Prize (1981), James Tait Black Memorial Prize for Fiction (1981), The Booker of Bookers Prize (1993), The Best of the Booker (2008), Премія імені Максима Рильського (2010)')","India, Pakistan"
https://www.goodreads.com/book/show/7791997-crescendo,,Crescendo,Becca Fitzpatrick,4.02,288012,288012,432,,True,"Young Adult, Fantasy, Paranormal, Angels, Fantasy, Paranormal, Romance, Romance, Paranormal Romance, Fantasy, Supernatural, Fiction, Fantasy, Urban Fantasy, Young Adult, Young Adult Fantasy","(1, 'Goodreads Choice Award Nominee for Goodreads Author (2010)')","Coldwater, Maine"
https://www.goodreads.com/book/show/30597.The_Hunchback_of_Notre_Dame,,The Hunchback of Notre-Dame,Victor Hugo,3.99,177522,177522,510,1831.0,False,"Classics, Fiction, Historical, Historical Fiction, Cultural, France, Literature, European Literature, French Literature, Gothic, Historical, Romance, Novels","(0, nan)","Paris, France"
https://www.goodreads.com/book/show/6400090-the-last-song,,The Last Song,Nicholas Sparks,4.15,515549,515549,390,2008.0,False,"Romance, Fiction, Young Adult, Contemporary, Womens Fiction, Chick Lit, Adult, Realistic Fiction, Adult Fiction, Drama, Love","(1, 'Goodreads Choice Award for Chick Lit (2009)')","Wilmington, North Carolina"
https://www.goodreads.com/book/show/629.Zen_and_the_Art_of_Motorcycle_Maintenance,,Zen and the Art of Motorcycle Maintenance: An Inquiry Into Values,Robert M. Pirsig,3.77,209266,209266,540,1974.0,True,"Philosophy, Fiction, Classics, Spirituality, Travel, Psychology, Literature, Self Help, Unfinished, Religion","(1, 'National Book Award Finalist Nominee for Contemporary Affairs (1975)')",United States of America
https://www.goodreads.com/book/show/5358.The_Firm,,The Firm,John Grisham,4.03,582126,582126,76,1991.0,False,"Fiction, Thriller, Mystery, Suspense, Mystery, Crime, Thriller, Mystery Thriller, Thriller, Legal Thriller, Novels, Drama, Law","(0, nan)","Memphis, Tennessee, Tennessee"
https://www.goodreads.com/book/show/2932.Robinson_Crusoe,,Robinson Crusoe,Daniel Defoe,3.68,257243,257243,320,1719.0,True,"Classics, Fiction, Adventure, Literature, Historical, Historical Fiction, Novels, Classics, Classic Literature, Literature, 18th Century, European Literature, British Literature, Academic, School","(0, nan)","small island on mouth of Orinoco river, Caribbean, Brazil, North Africa"
https://www.goodreads.com/book/show/15645.Inferno,,Inferno,Dante Alighieri,4.0,150233,150233,490,1307.0,True,"Classics, Poetry, Fiction, Literature, Religion, Fantasy, Academic, School, European Literature, Italian Literature, Philosophy, Historical, Medieval","(2, 'Los Angeles Times Book Prize for Poetry (1995), Премія імені Максима Рильського (2015)')",
https://www.goodreads.com/book/show/130440.Doctor_Zhivago,,Doctor Zhivago,Boris Pasternak,4.0,86564,86564,592,1957.0,False,"Classics, Fiction, Historical, Historical Fiction, Cultural, Russia, Literature, Russian Literature, Literature, Romance, Novels, Historical, War","(1, 'Premio Bancarella (1958)')","Moscow, Yuriatin, Russia, Siberia, Soviet Union"
https://www.goodreads.com/book/show/18122.The_Amber_Spyglass,,The Amber Spyglass,Philip Pullman,4.08,316878,316878,467,2000.0,True,"Fantasy, Young Adult, Fiction, Childrens, Adventure, Science Fiction, Science Fiction Fantasy, Audiobook, Science Fiction, Steampunk, Childrens, Middle Grade","(6, ""Booker Prize Nominee for Longlist (2001), Locus Award Nominee for Best Fantasy Novel (2001), Whitbread Award for Children's Book of the Year and Book of the Year (2001), British Book Award for Children's Book of the Year (2001), Audie Award for Children's Titles Ages 8-12 (2002), West Australian Young Readers' Book Award (WAYRBA) for Older Readers (2002)"")",
https://www.goodreads.com/book/show/17150.My_ntonia,,My Ántonia,Willa Cather,3.8,123104,123104,232,1918.0,True,"Classics, Fiction, Historical, Historical Fiction, Literature, Academic, School, Literature, American, Novels, Historical, Adult Fiction, Classics, Classic Literature","(0, nan)",Nebraska
https://www.goodreads.com/book/show/6319.The_BFG,,The BFG,Roald Dahl,4.21,398963,398963,199,1982.0,False,"Fantasy, Childrens, Fiction, Classics, Young Adult, Childrens, Middle Grade, Humor, Adventure, Audiobook, Childrens, Juvenile","(5, ""Zilveren Griffel (1984), Books I Loved Best Yearly (BILBY) Awards for Read Aloud, Read Alone (1991), West Australian Young Readers' Book Award (WAYRBA) for Younger Readers (1985), Red House Children's Book Award (1983), Deutscher Jugendliteraturpreis for Kinderbuch (1985)"")","United Kingdom, London, England, England"
https://www.goodreads.com/book/show/862041.Harry_Potter_Series_Box_Set,,Harry Potter Series Box Set,J.K. Rowling,4.72,260273,260273,4100,,True,"Fantasy, Young Adult, Fiction, Childrens, Fantasy, Magic, Adventure, Classics, Childrens, Middle Grade, Science Fiction Fantasy, Novels","(1, ""Mythopoeic Fantasy Award for Children's Literature (2008)"")",
https://www.goodreads.com/book/show/6952.Like_Water_for_Chocolate,,Like Water for Chocolate,Laura Esquivel,3.95,331071,331071,222,1989.0,True,"Fiction, Magical Realism, Romance, Historical, Historical Fiction, Classics, Fantasy, Food and Drink, Food, European Literature, Spanish Literature, Adult, Novels","(2, 'Prêmio Jabuti for Tradução (1994), American Booksellers Book Of The Year  Award for Adult Trade (1994)')",Mexico
https://www.goodreads.com/book/show/8755785-city-of-heavenly-fire,,City of Heavenly Fire,Cassandra Clare,4.41,313234,313234,725,,True,"Fantasy, Young Adult, Romance, Fantasy, Paranormal, Fantasy, Urban Fantasy, Paranormal, Vampires, Paranormal, Angels, Fiction, Fantasy, Magic, Fantasy, Supernatural","(2, 'Goodreads Choice Award for Young Adult Fantasy (2014), Premio El Templo de las Mil Puertas Nominee for Mejor novela extranjera perteneciente a saga (2014)')","New York City, New York, Alicante, Idris"
https://www.goodreads.com/book/show/31685789-room,,Room,Emma Donoghue,4.06,741617,741617,321,2010.0,False,"Fiction, Contemporary, Adult, Adult Fiction, Thriller, Audiobook, Book Club, Drama, Realistic Fiction, Mystery, Crime","(17, ""Booker Prize Nominee (2010), Orange Prize Nominee for Fiction Shortlist (2011), Pennsylvania Young Readers' Choice Award Nominee for Young Adults (2013), ALA Alex Award (2011), Indies Choice Book Award for Fiction (2011), Bord Gáis Energy Irish Book Award for Hughes & Hughes Irish Novel of the Year (2010), Canadian Booksellers Association Libris Award for Fiction Book (2011), Lincoln Award Nominee (2014), Galaxy National Book Award for WHSmith Paperback of the Year (2011), Commonwealth Writers' Prize for Best Book in Caribbean and Canada (2011), Trillium Book Award Nominee for English-language (2011), UC Book of the Year (2014), Eason Novel of the Year (2010), Rogers Writers' Trust Fiction Prize (2010), OLA Evergreen Award (2011), Goodreads Choice Award for Fiction (2010), International Dublin Literary Award Nominee (2012)"")",
https://www.goodreads.com/book/show/5364.Dragonfly_in_Amber,,Dragonfly in Amber,Diana Gabaldon,4.32,299636,299636,963,1992.0,True,"Historical, Historical Fiction, Romance, Fantasy, Fiction, Science Fiction, Time Travel, Historical, Romance, Historical Romance, Audiobook, Adult, Cultural, Scotland","(1, 'RITA Award by Romance Writers of America Nominee for Best Romance of the Year & Futuristic/Fantasy/Paranormal Romance (1993)')","Le Havre, Paris, Inverness, Scotland, Scottish Highlands"
https://www.goodreads.com/book/show/251688.Breakfast_at_Tiffany_s_and_Three_Stories,,Breakfast at Tiffany's and Three Stories,Truman Capote,3.88,218112,218112,142,1958.0,False,"Classics, Fiction, Short Stories, Romance, Literature, American, Literature, Audiobook, Novels, Literature, 20th Century, New York","(0, nan)","New York City, New York, New York City's Upper East Side, New York City, New York"
https://www.goodreads.com/book/show/4980.Breakfast_of_Champions,,Breakfast of Champions,Kurt Vonnegut Jr.,4.07,229536,229536,303,1973.0,False,"Fiction, Classics, Science Fiction, Humor, Literature, Novels, Literature, American, Literary Fiction, Audiobook, Humor, Comedy","(0, nan)",United States of America
https://www.goodreads.com/book/show/22463.The_Origin_of_Species,,The Origin of Species,Charles Darwin,3.98,103793,103793,703,1859.0,False,"Science, Nonfiction, Classics, Science, Biology, Biology, Evolution, Philosophy, History, Environment, Nature, Anthropology, Science, Natural History","(0, nan)",
https://www.goodreads.com/book/show/51496.The_Strange_Case_of_Dr_Jekyll_and_Mr_Hyde,,The Strange Case of Dr. Jekyll and Mr. Hyde,Robert Louis Stevenson,3.82,412516,412516,144,1886.0,False,"Classics, Fiction, Horror, Science Fiction, Mystery, Gothic, Fantasy, Literature, Literature, 19th Century, Academic, School","(1, 'Independent Publisher Book Award (IPPY) for Audio Fiction - Abridged (1999)')","London, England, England, United Kingdom"
https://www.goodreads.com/book/show/5211.A_Fine_Balance,,A Fine Balance,Rohinton Mistry,4.34,134156,134156,603,1995.0,False,"Fiction, Cultural, India, Historical, Historical Fiction, Asian Literature, Indian Literature, Cultural, Canada, Cultural, Asia, Literary Fiction, Novels, Historical, Literature","(7, ""Booker Prize Nominee (1996), Winifred Holtby Memorial Prize (1996), Scotiabank Giller Prize (1995), Los Angeles Times Book Prize for Fiction (1996), Commonwealth Writers' Prize for Best Book Overall (1996), CBC Canada Reads Nominee (2002), International Dublin Literary Award Nominee for Shortlist (1997)"")","India, Bombay"
https://www.goodreads.com/book/show/10644930-11-22-63,,11/22/63,Stephen King,4.3,442859,442859,849,,False,"Fiction, Historical, Historical Fiction, Science Fiction, Science Fiction, Time Travel, Fantasy, Horror, Thriller, Audiobook, Historical, Mystery","(8, ""Locus Award Nominee for Best SF Novel (2012), World Fantasy Award Nominee for Best Novel (2012), ITW Thriller Award for Best Hard Cover Novel (2012), Grand Prix de l'Imaginaire Nominee for Roman étranger (2014), British Fantasy Award Nominee for Best Novel (2012), このミステリーがすごい！ for Best Translated Mystery Novel of the Year in Japan (2014), 本屋大賞 Nominee for Translated Fiction (2014), Goodreads Choice Award for Science Fiction (2011) and Nominee for Best of the Best  (2018)"")","Maine, Derry, Maine, Jodie, Texas"
https://www.goodreads.com/book/show/8490112-daughter-of-smoke-bone,,Daughter of Smoke & Bone,Laini Taylor,3.99,331082,331082,418,,True,"Fantasy, Young Adult, Romance, Fantasy, Paranormal, Paranormal, Angels, Fantasy, Urban Fantasy, Fiction, Fantasy, Magic, Young Adult, Young Adult Fantasy, Fantasy, Supernatural","(14, ""Locus Award Nominee for Best Young Adult Novel (2012), Audie Award for Fantasy (2012), Rhode Island Teen Book Award Nominee (2013), Milwaukee County Teen Book Award Nominee (2013), Children's Choice Book Award Nominee for Teen Choice Book of the Year (2012), The Inky Awards Nominee for Silver Inky (2012), California Young Readers Medal Nominee for Young Adult (2015), Oregon Spirit Book Award for Young Adult (2011), Lincoln Award Nominee (2014), Andre Norton Award Nominee (2011), Goodreads Choice Award Nominee for Young Adult Fantasy & Science Fiction and for Favorite Book (2011), The Inky Awards Shortlist for Silver Inky (2012), Missouri Gateway Readers Award Nominee (2014), Premio El Templo de las Mil Puertas Nominee for Mejor novela extranjera perteneciente a saga (2012)"")","Prague (Praha), Marrakech (Marrakesh), Eretz"
https://www.goodreads.com/book/show/3975774-evermore,,Evermore,Alyson Noel,3.59,273109,273109,301,,True,"Young Adult, Fantasy, Fantasy, Paranormal, Romance, Romance, Paranormal Romance, Fantasy, Supernatural, Fiction, Fantasy, Urban Fantasy, Paranormal, Vampires, Fantasy, Magic","(2, 'Lincoln Award Nominee (2011), Goodreads Choice Award Nominee for Favorite Book & Young Adult Series (2009)')","Laguna Beach, California"
https://www.goodreads.com/book/show/12898.Death_of_a_Salesman,,Death of a Salesman,Arthur  Miller,3.54,193814,193814,117,1949.0,False,"Plays, Classics, Fiction, Drama, Academic, School, Plays, Theatre, Literature, Academic, Read For School, Young Adult, High School, Literature, American","(2, ""Pulitzer Prize for Drama (1949), New York Drama Critics' Circle Award for Best American Play (1949)"")","New York City, New York"
https://www.goodreads.com/book/show/41637836-the-subtle-knife,,The Subtle Knife,Philip Pullman,4.13,387575,387575,370,1997.0,True,"Fantasy, Young Adult, Fiction, Childrens, Adventure, Science Fiction, Science Fiction Fantasy, Audiobook, Science Fiction, Steampunk, Childrens, Middle Grade","(2, ""Audie Award for Children's Titles Ages 8-12 (2001), North East Teenage Book Award Nominee (1999)"")",
https://www.goodreads.com/book/show/1420.Hamlet,,Hamlet,William Shakespeare,4.03,762893,762893,289,1603.0,False,"Classics, Plays, Fiction, Drama, Academic, School, Literature, Plays, Theatre, Academic, Read For School, Young Adult, High School, Poetry","(1, 'Grammy Award Nominee for Best Spoken Word Album (2012)')",Denmark
https://www.goodreads.com/book/show/386187.Midnight_in_the_Garden_of_Good_and_Evil,,Midnight in the Garden of Good and Evil,John Berendt,3.92,233980,233980,386,1994.0,False,"Nonfiction, Crime, True Crime, Mystery, Mystery, Crime, History, American, Southern, Classics, Travel, Audiobook, Autobiography, Memoir","(4, ""Pulitzer Prize Nominee for General Nonfiction (1995), Exclusive Books Boeke Prize (1995), Ferro-Grumley Award for Gay Fiction (Non-Fiction) (1994), Lambda Literary Award for Gay Men's Mystery (1995)"")","Savannah, Georgia"
https://www.goodreads.com/book/show/11989.The_Plague,,The Plague,Albert Camus,4.01,187792,187792,308,1947.0,False,"Fiction, Classics, Philosophy, Cultural, France, Literature, European Literature, French Literature, Novels, Literature, 20th Century, Literary Fiction, Cultural, Africa","(1, 'Prix des Critiques (1947)')","Oran, Algeria"
https://www.goodreads.com/book/show/18143977-all-the-light-we-cannot-see,,All the Light We Cannot See,Anthony Doerr,4.32,1113474,1113474,531,,False,"Historical, Historical Fiction, Fiction, Historical, War, War, World War II, Audiobook, Adult, Cultural, France, Book Club, Adult Fiction","(11, 'Pulitzer Prize for Fiction (2015), Audie Award for Fiction (2015), ALA Alex Award (2015), Dayton Literary Peace Prize Nominee for Fiction (2015), Ohioana Book Award for Fiction (2015), Australian Book Industry Award (ABIA) for International Book (2015), Andrew Carnegie Medal for Fiction (2015), Idaho Book of the Year Award (2014), National Book Award Finalist for Fiction (2014), Goodreads Choice Award for Historical Fiction (2014) and Nominee for Best of the Best  (2018), International Dublin Literary Award Nominee (2016)')","Paris, Zollverein, Evreux, Saint-Malo, Essen, Berlin, Schulpforte, Vienna, Épernay, Nuremberg"
https://www.goodreads.com/book/show/28862.The_Prince,,The Prince,Niccolò Machiavelli,3.82,273296,273296,140,1532.0,False,"Classics, Philosophy, Nonfiction, Politics, History, Politics, Political Science, Literature, European Literature, Italian Literature, Cultural, Italy, Academic, School","(1, 'National Book Award Finalist for Translation (1978)')",
https://www.goodreads.com/book/show/12220.A_Streetcar_Named_Desire,,A Streetcar Named Desire,Tennessee Williams,3.99,267975,267975,107,1947.0,False,"Plays, Classics, Fiction, Drama, Academic, School, Plays, Theatre, Literature, American, Academic, Read For School, Literature, Young Adult, High School","(2, ""Pulitzer Prize for Drama (1948), New York Drama Critics' Circle Award for Best American Play (1948)"")","New Orleans, Louisiana"
https://www.goodreads.com/book/show/25036229-una-historia-de-ayer,,Una Historia de Ayer,Sergio Cobo,4.47,9732,9732,75,,False,"Thriller, Mystery, European Literature, Spanish Literature, Suspense, Magical Realism, Mystery, Noir, Drama, Fiction, Mystery, Crime","(0, nan)",
https://www.goodreads.com/book/show/28921.The_Remains_of_the_Day,,The Remains of the Day,Kazuo Ishiguro,4.13,213239,213239,258,1989.0,False,"Fiction, Historical, Historical Fiction, Classics, Literature, Literary Fiction, Historical, Novels, European Literature, British Literature, Contemporary, Audiobook","(1, 'Booker Prize (1989)')","England, United Kingdom"
https://www.goodreads.com/book/show/9460487-miss-peregrine-s-home-for-peculiar-children,,Miss Peregrine's Home for Peculiar Children,Ransom Riggs,3.91,1031994,1031994,352,,True,"Fantasy, Young Adult, Fiction, Fantasy, Paranormal, Mystery, Horror, Science Fiction, Time Travel, Historical, Historical Fiction, Fantasy, Supernatural, Adventure","(5, ""Grand Prix de l'Imaginaire for Roman jeunesse étranger (2015), Pennsylvania Young Readers' Choice Award for Young Adults (2014), California Young Readers Medal Nominee for Young Adult (2016), The Kitschies Nominee for Golden Tentacle (Debut) (2011), Goodreads Choice Award Nominee for Favorite Book and for Young Adult Fantasy & Science Fiction (2011)"")","Englewood, Florida, Wales"
https://www.goodreads.com/book/show/6759.Infinite_Jest,,Infinite Jest,David Foster Wallace,4.28,77558,77558,1088,1996.0,False,"Fiction, Classics, Literature, Novels, Contemporary, Humor, Unfinished, Literary Fiction, Literature, American, Philosophy","(1, 'LovelyBooks Leserpreis Nominee for Allgemeine Literatur (2009)')","Massachusetts, Enfield Tennis Academy, Ennet House, Tucson, Arizona, Massachusetts Institute of Technology (MIT), Boston, Massachusetts"
https://www.goodreads.com/book/show/40873273-snow-flower-and-the-secret-fan,,Snow Flower and the Secret Fan,Lisa See,4.07,347866,347866,288,2005.0,False,"Historical, Historical Fiction, Fiction, Cultural, China, Historical, Cultural, Asia, Book Club, Adult, Literature, Asian Literature, Adult Fiction, Novels","(3, 'California Book Award for Fiction (Silver) (2005), Lincoln Award Nominee (2008), Asian/Pacific American Award for Literature for Adult Fiction Honor (2005)')","Hunan, China"
https://www.goodreads.com/book/show/13497.A_Feast_for_Crows,,A Feast for Crows,George R.R. Martin,4.14,647817,647817,1061,2005.0,True,"Fantasy, Fiction, Fantasy, Epic Fantasy, Science Fiction Fantasy, Fantasy, High Fantasy, Adult, Adventure, Fantasy, Dragons, Audiobook, Epic","(2, 'Hugo Award Nominee for Best Novel (2006), Locus Award Nominee for Best Fantasy Novel (2006)')",
https://www.goodreads.com/book/show/6936382-anna-and-the-french-kiss,,Anna and the French Kiss,Stephanie Perkins,4.0,379508,379508,372,,True,"Young Adult, Romance, Contemporary, Womens Fiction, Chick Lit, Fiction, Realistic Fiction, Young Adult, Young Adult Contemporary, Romance, Contemporary Romance, Young Adult, Young Adult Romance, Young Adult, Teen","(7, ""Georgia Peach Book Award Nominee for Honor book (2012), Pennsylvania Young Readers' Choice Award Nominee for Young Adults (2013), Milwaukee County Teen Book Award Nominee (2012), The Inky Awards Nominee for Silver Inky (2011), Lincoln Award Nominee (2013), CYBILS Award Nominee for Young Adult Fiction (2011), Goodreads Choice Award Nominee for Goodreads Author, Young Adult Fiction  (2010)"")","Paris, Atlanta, Georgia"
https://www.goodreads.com/book/show/7735333-matched,,Matched,Ally Condie,3.65,680882,680882,369,,True,"Young Adult, Science Fiction, Dystopia, Romance, Science Fiction, Fiction, Fantasy, Young Adult, Teen, Audiobook, Futuristic, Apocalyptic, Post Apocalyptic","(9, ""South Carolina Book Award for Young Adult (2013), Teen Buckeye Book Award (2012), Pennsylvania Young Readers' Choice Award for Young Adults (2012), Rhode Island Teen Book Award (2012), California Young Readers Medal for Young Adult (2013), Lincoln Award Nominee (2013), Literaturpreis der Jury der jungen Leser for Jugendbuch (2011), Carnegie Medal Nominee (2012), Missouri Gateway Readers Award Nominee (2013)"")",
https://www.goodreads.com/book/show/11324204-houdini-heart,,Houdini Heart,Ki Longfellow,3.82,5154,5154,254,,False,"Horror, Fantasy, Fiction, Mystery, Magical Realism, Gothic, Literature, Thriller, Fantasy, Supernatural, Fantasy, Mythology","(0, nan)",
https://www.goodreads.com/book/show/14706.Faust_First_Part,,"Faust, First Part",Johann Wolfgang von Goethe,3.93,60614,60614,327,1808.0,True,"Classics, Fiction, Plays, Poetry, European Literature, German Literature, Drama, Literature, Academic, School, Philosophy, Fantasy","(0, nan)",
https://www.goodreads.com/book/show/15717943-hopeless,,Hopeless,Colleen Hoover,4.28,281583,281583,410,2012.0,True,"Romance, New Adult, Young Adult, Contemporary, Romance, Contemporary Romance, Fiction, Sociology, Abuse, Young Adult, High School, Womens Fiction, Chick Lit, Drama","(0, nan)",
https://www.goodreads.com/book/show/13152.The_Angel_Experiment,,The Angel Experiment,James Patterson,4.07,211647,211647,445,2005.0,True,"Young Adult, Fantasy, Science Fiction, Fiction, Adventure, Fantasy, Paranormal, Young Adult, Teen, Action, Mystery, Fantasy, Urban Fantasy","(2, 'Lincoln Award Nominee (2008), Missouri Gateway Readers Award Nominee (2008)')","Denver, Colorado, California, New York State"
https://www.goodreads.com/book/show/43448.Flowers_in_the_Attic,,Flowers in the Attic,V.C. Andrews,3.82,169078,169078,389,,True,"Fiction, Horror, Young Adult, Mystery, Classics, Romance, Gothic, Thriller, Drama, Adult","(1, 'Books I Loved Best Yearly (BILBY) Awards for Secondary (1993)')",Virginia
https://www.goodreads.com/book/show/8664353-unbroken,,"Unbroken: A World War II Story of Survival, Resilience and Redemption",Laura Hillenbrand,4.36,806668,806668,492,,False,"Nonfiction, History, Biography, War, World War II, War, Historical, Audiobook, War, Military Fiction, Autobiography, Memoir, Biography Memoir","(7, ""Los Angeles Times Book Prize for Biography (2010), Pennsylvania Young Readers' Choice Award Nominee for Young Adults (2014), Indies Choice Book Award for Nonfiction (2011), Dayton Literary Peace Prize Nominee for Nonfiction (2011), Lincoln Award Nominee (2015), Andrew Carnegie Medal Nominee for Nonfiction (2012), Goodreads Choice Award Nominee for History and Biography (2010)"")",
https://www.goodreads.com/book/show/136116.The_Scarlet_Pimpernel,,The Scarlet Pimpernel,Emmuska Orczy,4.05,127700,127700,182,1905.0,True,"Classics, Historical, Historical Fiction, Fiction, Adventure, Romance, Historical, Mystery, Cultural, France, Literature, Classics, Classic Literature","(0, nan)","England, France, London, England, Paris, Dover, Kent, England"
https://www.goodreads.com/book/show/187181.The_Chosen,,The Chosen,Chaim Potok,4.04,88360,88360,304,1966.0,True,"Fiction, Classics, Historical, Historical Fiction, Young Adult, Literature, Jewish, Religion, Academic, School, Literature, Religion, Judaism, Novels","(2, 'Edward Lewis Wallant Award (1967), National Book Award Finalist for Fiction (1968)')","Brooklyn, New York City, New York, Williamsburg, Brooklyn, New York"
https://www.goodreads.com/book/show/14201.Jonathan_Strange_Mr_Norrell,,Jonathan Strange & Mr Norrell,Susanna Clarke,3.82,210786,210786,1006,2004.0,False,"Fantasy, Fiction, Historical, Historical Fiction, Historical, Fantasy, Magic, Science Fiction Fantasy, Science Fiction, Alternate History, Audiobook, Adult, Magical Realism","(10, 'Hugo Award for Best Novel (2005), Booker Prize Nominee for Longlist (2004), Nebula Award Nominee for Best Novel (2005), Locus Award for Best First Novel and Nominee for Best Fantasy Novel (2005), Guardian First Book Award Nominee (2004), World Fantasy Award for Best Novel (2005), Mythopoeic Fantasy Award for Adult Literature (2005), Book Sense Book of the Year Award for Adult Fiction (2005), British Fantasy Award Nominee for Best Novel (2005), Cena Akademie SFFH for Kniha roku (Book of the Year) (2007)')",United Kingdom
https://www.goodreads.com/book/show/7354.The_Shipping_News,,The Shipping News,Annie Proulx,3.86,132926,132926,337,1993.0,False,"Fiction, Contemporary, Cultural, Canada, Literature, Literary Fiction, Novels, Classics, Literature, American, Adult Fiction, Adult","(5, 'Pulitzer Prize for Fiction (1994), National Book Award for Fiction (1993), Irish Times International Fiction Prize (1993), Chicago Tribune Heartland Prize for Fiction (1993), National Book Critics Circle Award Nominee for Fiction (1993)')","Newfoundland, Canada"
https://www.goodreads.com/book/show/12127810-the-house-of-hades,,The House of Hades,Rick Riordan,4.52,289020,289020,597,,True,"Fantasy, Young Adult, Fantasy, Mythology, Childrens, Middle Grade, Fiction, Adventure, Mythology, Greek Mythology, Childrens, Fantasy, Urban Fantasy, Romance","(1, ""Goodreads Choice Award for Middle Grade & Children's (2013)"")","Rome, Venice, Split, Bologna, Valletta, Epirus"
https://www.goodreads.com/book/show/16096824-a-court-of-thorns-and-roses,,A Court of Thorns and Roses,Sarah J. Maas,4.21,592812,592812,419,,True,"Fantasy, Romance, Young Adult, New Adult, Retellings, Fiction, Fairies, Fae, Fantasy, Magic, Young Adult, Young Adult Fantasy, Fantasy, Paranormal","(2, 'Lincoln Award Nominee (2017), Goodreads Choice Award Nominee for Young Adult Fantasy & Science Fiction (2015)')",
https://www.goodreads.com/book/show/285092.High_Fidelity,,High Fidelity,Nick Hornby,3.93,178654,178654,340,1995.0,False,"Fiction, Music, Contemporary, Humor, Romance, Novels, European Literature, British Literature, Literature, Humor, Comedy, Adult Fiction","(0, nan)","London, England"
https://www.goodreads.com/book/show/394535.Blood_Meridian_or_the_Evening_Redness_in_the_West,,"Blood Meridian, or the Evening Redness in the West",Cormac McCarthy,4.16,113815,113815,351,1985.0,False,"Fiction, Historical, Historical Fiction, Westerns, Classics, Literature, Novels, Literature, American, Horror, Historical, Literary Fiction","(0, nan)","Mexico, Texas"
https://www.goodreads.com/book/show/249747.Artemis_Fowl,,Artemis Fowl,Eoin Colfer,3.85,516741,516741,396,2001.0,True,"Fantasy, Young Adult, Fiction, Childrens, Middle Grade, Childrens, Adventure, Science Fiction, Fantasy, Magic, Fantasy, Urban Fantasy, Audiobook","(5, ""Garden State Book Award for Fiction (Grades 6-8) (2004), Massachusetts Children's Book Award (2003), Blue Hen Book Award for Chapter Book (2003), Rhode Island Teen Book Award Nominee (2002), Pacific Northwest Library Association Young Reader's Choice Award for Intermediate (2004)"")","Dublin, Ho Chi Minh City, Haven City (Underground - Earth), Martina Franca, Southeast Coast of Ireland (location undisclosed)"
https://www.goodreads.com/book/show/30528544,,العصبي,أحمد جمال الدين رمضان,4.55,2197,2197,165,2016.0,False,"Short Stories, Fiction, Literature, Anthologies, Northern Africa, Egypt","(0, nan)",
https://www.goodreads.com/book/show/19302.Pippi_Longstocking,,Pippi Longstocking,Astrid Lindgren,4.13,174995,174995,160,1945.0,True,"Classics, Childrens, Fiction, Childrens, Middle Grade, Young Adult, Fantasy, Humor, Adventure, Childrens, Juvenile, European Literature, Swedish Literature","(1, 'Lewis Carroll Shelf Award (1973)')",Sweden
https://www.goodreads.com/book/show/33600.Shantaram,,Shantaram,Gregory David Roberts,4.24,180008,180008,936,2003.0,True,"Fiction, Cultural, India, Travel, Adventure, Contemporary, Novels, Historical, Historical Fiction, Cultural, Asia, Unfinished, Mystery, Crime","(1, ""Commonwealth Writers' Prize Nominee for Best First Book (the Pacific Region) (2004)"")","Bombay, Afghanistan, Australia, India"
https://www.goodreads.com/book/show/30528535,,انتحار فاشل,أحمد جمال الدين رمضان,4.53,2540,2540,175,2016.0,False,"Short Stories, Fiction, Literature, Anthologies, Northern Africa, Egypt, Novels, Anthologies, Collections","(0, nan)",
https://www.goodreads.com/book/show/3950967-the-tales-of-beedle-the-bard,,The Tales of Beedle the Bard,J.K. Rowling,4.05,429579,429579,109,,False,"Fantasy, Fiction, Young Adult, Short Stories, Childrens, Fantasy, Magic, Childrens, Middle Grade, Fantasy, Fairy Tales, Audiobook, Science Fiction Fantasy","(1, 'Locus Award Nominee for Art Book (2019)')",United Kingdom
https://www.goodreads.com/book/show/10956.The_Virgin_Suicides,,The Virgin Suicides,Jeffrey Eugenides,3.83,239274,239274,250,1993.0,False,"Fiction, Contemporary, Classics, Young Adult, Literary Fiction, Young Adult, Coming Of Age, Novels, Literature, Adult Fiction, Adult","(0, nan)",Michigan
https://www.goodreads.com/book/show/18114322-the-grapes-of-wrath,,The Grapes of Wrath,John Steinbeck,3.98,777196,777196,479,1939.0,False,"Classics, Fiction, Historical, Historical Fiction, Literature, Novels, Academic, School, Literature, American, Historical, Classics, Classic Literature, Young Adult, High School","(4, 'Pulitzer Prize for Novel (1940), National Book Award for Fiction (1939), California Book Award for General Literature (Silver) (1939), Audie Award for Classic (1999)')","Oklahoma, California, United States of America"
https://www.goodreads.com/book/show/101299.The_Reader,,The Reader,Bernhard Schlink,3.76,176516,176516,216,1995.0,False,"Fiction, Historical, Historical Fiction, European Literature, German Literature, Classics, World War II, Holocaust, Romance, Historical, Cultural, Germany, War, War, World War II","(7, 'Los Angeles Times Book Prize Nominee for Fiction (1997), Exclusive Books Boeke Prize (1999), Prix des libraires du Québec for Lauréats hors Québec (1997), Prix Laure Bataillon (1997), Premio Grinzane Cavour Nominee for Narrativa Straniera (1997), Ελληνο-γερμανικό Βραβείο Μετάφρασης for Ιάκωβος Κοπερτί (2000), International Dublin Literary Award Nominee for Shortlist (1999)')",Germany
https://www.goodreads.com/book/show/14866.Nineteen_Minutes,,Nineteen Minutes,Jodi Picoult,4.13,309818,309818,440,,False,"Fiction, Contemporary, Womens Fiction, Chick Lit, Adult, Adult Fiction, Drama, Young Adult, Realistic Fiction, Mystery, Mystery, Crime","(3, 'Iowa High School Book Award (2010), Lincoln Award Nominee (2010), LovelyBooks Leserpreis Nominee for Allgemeine Literatur (2009)')",New Hampshire
https://www.goodreads.com/book/show/397483.The_Devil_in_the_White_City,,"The Devil in the White City: Murder, Magic, and Madness at the Fair That Changed America",Erik Larson,3.98,556917,556917,447,2003.0,False,"Nonfiction, History, Crime, True Crime, Mystery, Crime, Historical, Mystery, Audiobook, North American Hi..., American History, Biography, Book Club","(8, 'International Horror Guild Award for Nonfiction (2003), Book Sense Book of the Year Award Nominee (2004), Great Lakes Book Award Nominee for Nonfiction Shortlist (2003), Edgar Award for Best Fact Crime (2004), Washington State Book Award (2004), Pacific Northwest Booksellers Association Award (2004), National Book Award Finalist for Nonfiction (2003), CWA Gold Dagger Award (2003)')","Chicago, Illinois, Illinois"
https://www.goodreads.com/book/show/656.War_and_Peace,,War and Peace,Leo Tolstoy,4.12,275667,275667,1392,1865.0,True,"Classics, Fiction, Historical, Historical Fiction, Cultural, Russia, Literature, Literature, Russian Literature, War, Novels, Historical, Literature, 19th Century","(0, nan)","Russia, Slavkov u Brna (Austerlitz), Saint Petersburg, Olomuc (Olmütz), Moscow"
https://www.goodreads.com/book/show/1656001.The_Host,,The Host,Stephenie Meyer,3.84,924095,924095,619,,True,"Young Adult, Science Fiction, Fantasy, Romance, Fiction, Science Fiction, Dystopia, Fantasy, Paranormal, Science Fiction, Aliens, Adult, Romance, Paranormal Romance","(0, nan)",Arizona
https://www.goodreads.com/book/show/20613470-heir-of-fire,,Heir of Fire,Sarah J. Maas,4.46,325560,325560,565,,True,"Fantasy, Young Adult, Romance, Fantasy, Magic, Young Adult, Young Adult Fantasy, Fiction, Fairies, Fae, New Adult, Fantasy, High Fantasy, Adventure","(1, 'Goodreads Choice Award Nominee for Young Adult Fantasy & Science Fiction (2014)')","Rifthold, Adarlan, Wendlyn"
https://www.goodreads.com/book/show/676924.Betrayed,,Betrayed,P.C. Cast,3.92,248809,248809,310,,True,"Young Adult, Paranormal, Vampires, Fantasy, Fantasy, Paranormal, Romance, Fiction, Fantasy, Supernatural, Fantasy, Urban Fantasy, Romance, Paranormal Romance, Fantasy, Magic","(0, nan)","Tulsa, Oklahoma, Oklahoma"
https://www.goodreads.com/book/show/11422.Redeeming_Love,,Redeeming Love,Francine Rivers,4.5,224037,224037,479,1991.0,False,"Christian Fiction, Christian, Fiction, Romance, Historical, Historical Fiction, Historical, Romance, Historical Romance, Adult, Religion, Faith, Romance, Christian Romance","(0, nan)",California
https://www.goodreads.com/book/show/53835.The_Age_of_Innocence,,The Age of Innocence,Edith Wharton,3.95,144107,144107,293,1920.0,False,"Classics, Fiction, Historical, Historical Fiction, Romance, Literature, Literature, American, Novels, Historical, New York, Classics, Classic Literature","(1, 'Pulitzer Prize for Novel (1921)')","New York City, New York, New York City's Upper East Side"
https://www.goodreads.com/book/show/6411961-the-lost-symbol,,The Lost Symbol,Dan Brown,3.72,540904,540904,509,,True,"Fiction, Mystery, Thriller, Thriller, Mystery Thriller, Suspense, Adventure, Historical, Historical Fiction, Mystery, Crime, Novels, Adult","(2, 'Goodreads Choice Award Nominee for Favorite Book, Fiction & Mystery/Thriller (2009), LovelyBooks Leserpreis Nominee for Krimi (2009)')","Washington, D.C."
https://www.goodreads.com/book/show/17716.Waiting_for_Godot,,Waiting for Godot,Samuel Beckett,3.83,167851,167851,109,1952.0,False,"Plays, Classics, Fiction, Drama, Plays, Theatre, Literature, Philosophy, Academic, School, European Literature, Irish Literature, Cultural, France","(0, nan)",
https://www.goodreads.com/book/show/50398.Northanger_Abbey,,Northanger Abbey,Jane Austen,3.83,317063,317063,251,1818.0,False,"Classics, Fiction, Romance, Historical, Historical Fiction, Gothic, Literature, Literature, 19th Century, Historical, European Literature, British Literature, Classics, Classic Literature","(0, nan)","Bath, Somerset, England, England, United Kingdom, Somerset, England, Gloucestershire, England"
https://www.goodreads.com/book/show/42900.Lover_Awakened,,Lover Awakened,J.R. Ward,4.44,165401,165401,434,,True,"Romance, Fantasy, Paranormal, Romance, Paranormal Romance, Paranormal, Vampires, Fantasy, Fantasy, Urban Fantasy, Adult, Fiction, Adult Fiction, Erotica, Fantasy, Supernatural","(2, ""All About Romance (AAR) Annual Reader Poll for Best Romance & Best Paranormal & Most Tortured Hero & Strongest Heroine & Best Villain & Most-Hanky Read  & Honorable Mention for Best Couple (2007), Romantic Times Reviewers' Choice Award (RT Award) for Vampire Romance (2006)"")","Caldwell, New York"
https://www.goodreads.com/book/show/17167166-crown-of-midnight,,Crown of Midnight,Sarah J. Maas,4.39,390457,390457,420,2013.0,True,"Fantasy, Young Adult, Romance, Fantasy, Magic, Fiction, Young Adult, Young Adult Fantasy, Fantasy, High Fantasy, New Adult, Fairies, Fae, Adventure","(1, 'Goodreads Choice Award Nominee for Young Adult Fantasy & Science Fiction (2013)')","Rifthold, Adarlan"
https://www.goodreads.com/book/show/11012.Dubliners,,Dubliners,James Joyce,3.85,127834,127834,207,1914.0,False,"Classics, Fiction, Short Stories, Cultural, Ireland, Literature, European Literature, Irish Literature, Literature, 20th Century, Academic, School, Literary Fiction, Historical, Historical Fiction","(0, nan)","Dublin, Ireland"
https://www.goodreads.com/book/show/140225.The_Voyage_of_the_Dawn_Treader,,The Voyage of the Dawn Treader,C.S. Lewis,4.08,411379,411379,248,1952.0,True,"Fantasy, Fiction, Classics, Young Adult, Childrens, Adventure, Christian, Childrens, Middle Grade, Christian Fiction, Science Fiction Fantasy","(0, nan)",
https://www.goodreads.com/book/show/6088007-neuromancer,,Neuromancer,William Gibson,3.9,272546,272546,292,1984.0,True,"Science Fiction, Fiction, Science Fiction, Cyberpunk, Classics, Science Fiction Fantasy, Science Fiction, Dystopia, Fantasy, Novels, Speculative Fiction, Audiobook","(11, 'Hugo Award for Best Novel (1985), Nebula Award for Best Novel (1984), Locus Award Nominee for Best First Novel and Best SF Novel (1985), British Science Fiction Association Award Nominee for Best Novel (1984), Philip K. Dick Award (1985), John W. Campbell Memorial Award Nominee (1985), Ditmar Award for Best International Long Fiction (1985), SF Chronicle Award for Novel (1985), Tähtivaeltaja Award (1992), Prix Aurora Award Nominee (1985), Seiun Award 星雲賞 for Best Translated Long Story (1987)')","Chiba, Tokyo"
https://www.goodreads.com/book/show/18635016-the-one,,The One,Kiera Cass,4.19,428601,428601,323,,True,"Young Adult, Romance, Science Fiction, Dystopia, Fantasy, Fiction, Science Fiction, Audiobook, Young Adult, Teen, Womens Fiction, Chick Lit, Young Adult, Young Adult Fantasy","(1, 'Goodreads Choice Award Nominee for Young Adult Fantasy & Science Fiction (2014)')",Illèa
https://www.goodreads.com/book/show/137791.Divine_Secrets_of_the_Ya_Ya_Sisterhood,,Divine Secrets of the Ya-Ya Sisterhood,Rebecca Wells,3.83,529170,529170,383,1996.0,True,"Fiction, Womens Fiction, Chick Lit, Contemporary, Adult Fiction, American, Southern, Adult, Historical, Historical Fiction, Humor, Novels, Womens","(2, 'Orange Prize Nominee for Fiction Shortlist (2000), American Booksellers Book Of The Year  Award for Adult Trade (1999)')",United States of America
https://www.goodreads.com/book/show/34080.The_Waste_Land,,The Waste Land,T.S. Eliot,4.09,45369,45369,320,1922.0,False,"Poetry, Classics, Fiction, Literature, Literature, 20th Century, Literature, American, Academic, School, European Literature, British Literature, Academic, College, Literature, English Literature","(0, nan)",
https://www.goodreads.com/book/show/2866718-untamed,,Untamed,P.C. Cast,3.94,221739,221739,338,,True,"Young Adult, Paranormal, Vampires, Fantasy, Fantasy, Paranormal, Romance, Fiction, Fantasy, Supernatural, Fantasy, Urban Fantasy, Romance, Paranormal Romance, Fantasy, Magic","(0, nan)","United States of America, Tulsa, Oklahoma"
https://www.goodreads.com/book/show/13214.I_Know_Why_the_Caged_Bird_Sings,,I Know Why the Caged Bird Sings,Maya Angelou,4.25,434635,434635,289,1969.0,True,"Nonfiction, Classics, Autobiography, Memoir, Biography, Biography, Autobiography, Poetry, Feminism, Cultural, African American, Biography Memoir, Race","(1, 'Coretta Scott King Book Award for Author Honor (1971)')","Arkansas, Louisiana, California, Missouri"
https://www.goodreads.com/book/show/10664113-a-dance-with-dragons,,A Dance with Dragons,George R.R. Martin,4.32,575802,575802,1125,,True,"Fantasy, Fiction, Fantasy, Epic Fantasy, Science Fiction Fantasy, Fantasy, High Fantasy, Fantasy, Dragons, Adult, Adventure, Audiobook, Epic","(6, 'Hugo Award Nominee for Best Novel (2012), Locus Award for Best Fantasy Novel (2012), World Fantasy Award Nominee for Best Novel (2012), SFX Award for Best Novel (2012), British Fantasy Award Nominee for Best Novel (2012), Goodreads Choice Award for Fantasy and Nominee for Favorite Book (2011) and Nominee for Best of the Best  (2018)')",
https://www.goodreads.com/book/show/256566.Everything_Is_Illuminated,,Everything Is Illuminated,Jonathan Safran Foer,3.89,169305,169305,276,2002.0,False,"Fiction, Historical, Historical Fiction, Contemporary, Novels, Literature, Literary Fiction, World War II, Holocaust, Literature, Jewish, Magical Realism, Historical","(5, 'New York Public Library Young Lions Fiction Award (2003), Guardian First Book Award (2002), PEN/Robert W. Bingham Prize (2004), William Saroyan International Prize for Writing for Fiction (2003), Corine Internationaler Buchpreis for Rolf Heyne Buchpreis (2003)')","Ukraine, Trochenbrod, Odessa, Lviv"
https://www.goodreads.com/book/show/10592.Carrie,,Carrie,Stephen King,3.97,548163,548163,253,1974.0,False,"Horror, Fiction, Thriller, Fantasy, Fantasy, Paranormal, Classics, Fantasy, Supernatural, Adult, Novels, Audiobook","(0, nan)","Chamberlain, Maine"
https://www.goodreads.com/book/show/41804.I_Robot,,"I, Robot",Isaac Asimov,4.2,287676,287676,224,1950.0,True,"Science Fiction, Fiction, Classics, Short Stories, Science Fiction Fantasy, Science Fiction, Robots, Fantasy, Audiobook, Novels, Speculative Fiction","(0, nan)",
https://www.goodreads.com/book/show/5308.The_Pearl,,The Pearl,John Steinbeck,3.49,194638,194638,96,1947.0,False,"Classics, Fiction, Literature, Academic, School, Historical, Historical Fiction, Novels, Literature, American, Academic, Read For School, Classics, Classic Literature, Novella","(0, nan)","Nayarit, The Gulf, La Paz, Santa Rosalia, Loreto, Baja California Sur"
https://www.goodreads.com/book/show/59716.To_the_Lighthouse,,To the Lighthouse,Virginia Woolf,3.78,141227,141227,209,1927.0,False,"Classics, Fiction, Literature, Novels, European Literature, British Literature, Literature, 20th Century, Feminism, Literary Fiction, Academic, School, Literature, English Literature","(1, 'Femina - Vie Heureuse Prize (1928)')","Isle of Skye, Scotland"
https://www.goodreads.com/book/show/41681.The_Jungle,,The Jungle,Upton Sinclair,3.75,131489,131489,335,1905.0,False,"Classics, Fiction, Historical, Historical Fiction, Literature, Politics, Academic, School, Novels, Historical, Classics, Classic Literature, Literature, American","(0, nan)","Chicago, Illinois, Illinois"
https://www.goodreads.com/book/show/690926.The_Twilight_Collection,,The Twilight Collection,Stephenie Meyer,3.8,44218,44218,1690,2007.0,True,"Young Adult, Fantasy, Paranormal, Vampires, Romance, Fiction, Fantasy, Paranormal, Romance, Paranormal Romance, Fantasy, Supernatural, Young Adult, Teen, Fantasy, Urban Fantasy","(0, nan)","Forks, Washington"
https://www.goodreads.com/book/show/10987.Voyager,,Voyager,Diana Gabaldon,4.37,268013,268013,870,1993.0,True,"Historical, Historical Fiction, Romance, Fantasy, Fiction, Science Fiction, Time Travel, Historical, Romance, Historical Romance, Adult, Audiobook, Cultural, Scotland","(0, nan)","Le Havre, Hispaniola, Jamaica, Lallybroch, Scotland, Ardsmuir, Scotland, Culloden Moor, Inverness-shire, Scotland, Helwater, Edinburgh, Scotland, Inverness, Scotland, Scottish Highlands"
https://www.goodreads.com/book/show/18765.I_Claudius,,"I, Claudius",Robert Graves,4.21,59837,59837,468,1934.0,True,"Historical, Historical Fiction, Fiction, Classics, Historical, Literature, Cultural, Italy, Novels, European Literature, British Literature, Audiobook, Literature, 20th Century","(3, 'James Tait Black Memorial Prize for Fiction (1934), Hawthornden Prize (1935), Audie Award for Audio Drama (2012)')","Rome, Italy, Roman Empire"
https://www.goodreads.com/book/show/12000020-aristotle-and-dante-discover-the-secrets-of-the-universe,,Aristotle and Dante Discover the Secrets of the Universe,Benjamin Alire Sáenz,4.33,293611,293611,359,,True,"Young Adult, LGBT, Contemporary, Romance, Fiction, GLBT, Queer, Audiobook, Realistic Fiction, Young Adult, Coming Of Age, Young Adult, Young Adult Contemporary","(9, ""Stonewall Book Award for Children’s and Young Adult Literature (2013), Michael L. Printz Award Nominee (2013), Pennsylvania Young Readers' Choice Award Nominee for Young Adults (2015), Lambda Literary Award for LGBT Children's/Young Adult (2013), Deutscher Jugendliteraturpreis Nominee for Jugendbuch (2015), Amelia Elizabeth Walden Award Nominee (2013), Lincoln Award Nominee (2016), Pura Belpré Award for Narrative (2013), Les Incorruptibles (2017)"")","El Paso, Texas, Texas"
https://www.goodreads.com/book/show/1326258.Chosen,,Chosen,P.C. Cast,3.91,227718,227718,307,,True,"Young Adult, Paranormal, Vampires, Fantasy, Fantasy, Paranormal, Romance, Fiction, Fantasy, Supernatural, Romance, Paranormal Romance, Fantasy, Urban Fantasy, Fantasy, Magic","(0, nan)","Tulsa, Oklahoma, Oklahoma"
https://www.goodreads.com/book/show/77142.Snow_Falling_on_Cedars,,Snow Falling on Cedars,David Guterson,3.85,170126,170126,460,1994.0,False,"Fiction, Historical, Historical Fiction, Mystery, Historical, Literature, Novels, Literary Fiction, Romance, Classics, Adult Fiction","(5, 'Anthony Award Nominee for Best First Novel (1995), PEN/Faulkner Award for Fiction (1995), American Booksellers Book Of The Year  Award for Adult Trade (1996), Martin Beck Award (1996), Barnes and Noble Discover Great New Writers Award (1994)')","San Piedro Island, Washington"
https://www.goodreads.com/book/show/4137.Me_Talk_Pretty_One_Day,,Me Talk Pretty One Day,David Sedaris,3.99,636665,636665,272,2000.0,False,"Nonfiction, Humor, Autobiography, Memoir, Writing, Essays, Short Stories, Humor, Comedy, Biography, Audiobook, Biography Memoir, Biography, Autobiography","(3, 'Lambda Literary Award for Humor (2001), Puddly Award for Humor (2001), Thurber Prize for American Humor (2001)')","Paris, Raleigh, North Carolina, New York City, New York"
https://www.goodreads.com/book/show/3087.A_Room_with_a_View,,A Room with a View,E.M. Forster,3.91,156043,156043,119,1908.0,False,"Classics, Fiction, Romance, Historical, Historical Fiction, Cultural, Italy, Literature, European Literature, British Literature, Literature, 20th Century, Novels, Historical","(0, nan)","Surrey, England, Florence, Tuscany, Italy, England"
https://www.goodreads.com/book/show/31242.Bleak_House,,Bleak House,Charles Dickens,4.0,100566,100566,1017,1853.0,False,"Classics, Fiction, Literature, Literature, 19th Century, Historical, Historical Fiction, Historical, Victorian, European Literature, British Literature, Novels, Classics, Classic Literature, Mystery","(0, nan)",England
https://www.goodreads.com/book/show/17061.Coraline,,Coraline,Neil Gaiman,4.05,517544,517544,162,2002.0,False,"Fantasy, Horror, Fiction, Young Adult, Childrens, Childrens, Middle Grade, Audiobook, Fantasy, Paranormal, Adventure, Fantasy, Supernatural","(11, ""Bram Stoker Award for Best Work for Young Readers (2002), Hugo Award for Best Novella (2003), Nebula Award for Best Novella (2003), Locus Award for Best Young Adult Novel (2003), World Fantasy Award Nominee for Best Novella (2003), Mythopoeic Fantasy Award Nominee for Children's Literature (2003), Dorothy Canfield Fisher Children's Book Award Nominee (2004), Child Magazine Best Book of the Year, Will Eisner Comic Industry Awards for Best Publication for Teens/Tweens (2009), Elizabeth Burr / Worzalla Award (2003), Premi Protagonista Jove Nominee for Categoria 13-14 anys (2004)"")",England
https://www.goodreads.com/book/show/179780.The_Exorcist,,The Exorcist,William Peter Blatty,4.18,188167,188167,385,1971.0,True,"Horror, Fiction, Classics, Fantasy, Paranormal, Thriller, Fantasy, Supernatural, Fantasy, Religion, Audiobook, Adult","(1, 'Audie Award for Narration by the Author or Authors (2000)')",
https://www.goodreads.com/book/show/16101128-the-5th-wave,,The 5th Wave,Rick Yancey,4.03,407093,407093,457,,True,"Young Adult, Science Fiction, Science Fiction, Dystopia, Fiction, Science Fiction, Aliens, Fantasy, Apocalyptic, Post Apocalyptic, Romance, Audiobook, Science Fiction, Apocalyptic","(14, ""Georgia Peach Book Award Nominee for Honor book (2014), South Carolina Book Award for Young Adult (2016), Keystone to Reading Book Award Nominee for High School (2015), Evergreen Teen Book Award (2016), Milwaukee County Teen Book Award Nominee (2014), The Inky Awards Nominee for Silver Inky (2013), Lincoln Award Nominee (2015), Goodreads Choice Award Nominee for Best Young Adult Fantasy & Science Fiction (2013), Carnegie Medal Nominee (2014), Green Mountain Book Award Nominee (2015), Louisiana Teen Readers' Choice (2016), Missouri Gateway Readers Award (2016), Oklahoma Sequoyah Award for High School (2016), Premio El Templo de las Mil Puertas Nominee for Mejor novela extranjera perteneciente a saga (2013)"")",Ohio
https://www.goodreads.com/book/show/84369.The_Last_Battle,,The Last Battle,C.S. Lewis,4.01,235008,235008,288,1956.0,True,"Fantasy, Fiction, Classics, Young Adult, Childrens, Christian, Adventure, Childrens, Middle Grade, Christian Fiction, Science Fiction Fantasy","(2, 'Audie Award for Inspirational/Faith-Based Fiction (2005), Carnegie Medal (1956)')",Narnia
https://www.goodreads.com/book/show/30289.The_Republic,,The Republic,Plato,3.95,177491,177491,416,-375.0,True,"Philosophy, Classics, Nonfiction, Politics, History, Academic, School, Literature, Politics, Political Science, Literature, Ancient, Academic, College","(0, nan)",
https://www.goodreads.com/book/show/9293020-the-elephant-tree,,The Elephant Tree,R.D. Ronald,4.16,74317,74317,252,,False,"Thriller, Fiction, Mystery, Drama, Mystery, Crime, Suspense, Novels, Contemporary, Dark, Adult Fiction","(0, nan)",
https://www.goodreads.com/book/show/93101.The_Arabian_Nights,,The Arabian Nights,Anonymous,4.03,73441,73441,1049,,False,"Classics, Fiction, Fantasy, Short Stories, Literature, Fantasy, Fairy Tales, Fantasy, Mythology, Adventure, Classics, Classic Literature, Folklore","(0, nan)",
